KODE,NAMA_PRODUK,LOKASI,QTY_STOK,UNIT
A000001,ANATON TAB,ETL1,13.0,STRIP
A00001,ACTIVED HIJAU,ETL3A,2.0,BTL
A000012,APIALYS SYR 100 ML,ETL3A,2.0,BTL
A000014,ALKOHOL 1000 ML,ETL3B,3.0,BTL
A000016,ALLOPURINOL 300,RAK2,10.0,STRIP
A000018,ATORVASTATIN 10MG,RAK2,12.0,STRIP
A00002,ACTIVED KUNING,ETL3A,2.0,BTL
A000028,ANFLAT SYR 100ML,ETL1,2.0,BTL
A000029,ANFLAT TAB,ETL1,19.0,STRIP
A00003,ACTIVED MERAH,ETL3A,1.0,BTL
A00004,ACYCLOVIR 200MG,RAK2,12.0,STRIP
A000040,MEFIX 500MG,RAK1,7.0,STRIP
A00005,ACYCLOVIR 400MG,RAK2,26.0,STRIP
A000066,ANDALAN KB FE,RAK4,22.0,STRIP
A000069,ALKOHOL SWEP,ETL3B,200.0,PSG
A00007,AFITSON NO.1 18 G,ETL2,2.0,POT
A000073,ASEPSO MOISTURE CARE,ETL5B,2.0,PCS
A000076,ALOFAR 300MG,RAK1,11.0,STRIP
A000078,ARKAVIT BOX,ETL1,11.0,STRIP
A00008,AKURAT,ETL3B,38.0,PCS
A00009,ALBOTHYL 10ML,RAK4,2.0,BTL
A00010,ALBOTHYL 5ML,RAK4,1.0,BTL
A000101,ALKOHOL PAD AVICO,ETL3B,300.0,PCS
A00013,ALLERON,ETL1,36.0,STRIP
A00014,ALLETROL TM 5 ML,RAK4,3.0,FLS
A00015,ALLOPURINOL 100MG,RAK2,50.0,STRIP
A000156,ANDALAN INTIMATE,ETL5B,20.0,BTL
A000159,ACIFAR 200MG TAB,RAK1,9.0,STRIP
A00016,ALPARA,ETL1,26.0,STRIP
A000160,ACIFAR 400MG TAB,RAK1,5.0,STRIP
A000165,AMUNIZER BTL 140ML,SC,3.0,KLG
A000175,ANYTIME EARLOOP BLACK 5'S,ETL3B,3.0,PCS
A000177,ANAK SUMANG 200'S,ETL1,220.0,SACH
A00018,AMBROXOL 30MG,RAK2,7.0,STRIP
A000183,ANTIHEMOROID SUPP,KULKAS,26.0,PCS
A000184,AIR MANCUR PROLINU,ETL1,10.0,STRIP
A000185,AIR MANCUR SEHAT PRIA,ETL1,8.0,STRIP
A000189,ANTANGIN GOOD NIGHT,ETL5A,11.0,STRIP
A00019,AMLODIPINE 10MG,RAK2,71.0,STRIP
A00020,AMLODIPINE 5MG,RAK2,87.0,STRIP
A000209,THERMOMETER AVICO,ETL5B,6.0,PCS
A00021,AMOXICILIN 500MG,RAK2,122.0,STRIP
A00023,AMOXSAN 500MG,RAK1,100.0,TAB
A00024,AMOXSAN D.S 60ML,RAK4,2.0,BTL
A00025,AMOXSAN FORTE D.S,RAK4,1.0,BTL
A00026,AMPICILIN 500MG,RAK2,6.0,STRIP
A00028,ANAKONIDIN SYR 60ML,ETL3A,10.0,BTL
A00029,ANDALAN LAKTASI,RAK4,24.0,STRIP
A00032,ANTANGIN ANAK,ETL5B,52.0,SACH
A00033,ANTANGIN CAIR,ETL5B,181.0,SACH
A00034,ANTANGIN TAB,ETL5B,63.0,STRIP
A00035,ANTASIDA DOEN,ETL1,320.0,TAB
A00036,ANTIMO ANAK JERUK,ETL1,35.0,SACH
A00037,ANTIMO ANAK STRAW,ETL1,20.0,SACH
A00038,ANTIMO TAB,ETL1,66.0,STRIP
A00039,ASAM MEFENAMAT 500MG,RAK2,22.0,STRIP
A00042,ACYCLOVIR 5% CR,RAK3,18.0,TUBE
A00043,ANDALAN CO 12'S,ETL3B,11.0,DUS
A00045,ANLENE GOLD VANILLA 250GR,ETL5A,3.0,BOX
A00046,ANLENE GOLD COKLAT 250GR,ETL5A,1.0,BOX
A00047,APIALYS DROPS,ETL3A,2.0,BTL
A00048,AVAIL HIJAU,ETL5B,21.0,PCS
A00049,AVAIL BIRU,ETL5B,14.0,PCS
A00050,AMBEVEN,ETL1,14.0,STRIP
A00052,AVAIL MERAH,ETL5B,6.0,PCS
A00053,AUGENTONIC 5 ML,ETL2,1.0,FLS
A00055,ALOFAR 100MG,RAK1,11.0,STRIP
A00056,ALKOHOL 70% 300ML,ETL3B,6.0,BTL
A00060,ARMSLING M,ETL4,3.0,PCS
A00067,ANLENE ACTIFIT COKLAT,ETL5A,1.0,DUS
A00072,ASEPSO,ETL5B,10.0,PCS
A00073,ANDALAN TESTPACK AMP,ETL3B,35.0,AMPLOP
A00077,ACLONAC GEL 20G,ETL2,1.0,BOX
A00083,ANTASIDA DOEN SUSP 60ML,ETL1,7.0,BTL
A000897,ALERZIN TAB,RAK1,21.0,STRIP
A00091,ARMACORT,RAK3,7.0,TUBE
A00092,ALLERIN EXP 60 ML,ETL3A,5.0,BTL
A00100,ALKOHOL 70% 100ML,ETL3B,16.0,BTL
A00101,AUTOCLICK + JARUM,MEJA,2.0,PCS
A00103,AQUA MARIS DAILY NASSAL 30ML,ETL2,1.0,BTL
A00107,ALLERGEN TAB,ETL1,54.0,STRIP
A00111,ADEM SARI CHING KU,SC,10.0,KLG
A00112,ANACETIN SYR,ETL3A,4.0,BTL
A00116,ASIFIT 700MG KAPLET,ETL5A,4.0,STRIP
A00118,ANASTAN FORTE,RAK1,34.0,STRIP
A00121,ACNES GEL,ETL2,3.0,TUBE
A00122,ADEM SARI SENSACOOLS,ETL4,27.0,SACHET
A00123,VITAMIN C 50MG,ETL1,13.0,STRP
A00126,ACNOL 10GR,ETL2,4.0,TUBE
A0013,ALTAMED PLASTER,ETL5B,200.0,PCS
A00131,AMBROXOL SYR,RAK4,6.0,BTL
A00132,AMOXSAN DROP,RAK4,2.0,BTL
A00133,ACNOL LOTION 10ML,ETL2,2.0,PCS
A00135,ASMASOLON,ETL1,9.0,STRIP
A00136,ANFUHEX TAB,RAK1,3.0,STRIP
A00137,ANFUHEX CR,ETL2,5.0,TUBE
A00138,ACNES FC CREAMYWASH,ETL2,2.0,TUBE
A00141,ASICUM,ETL2,3.0,BTL
A00142,ALBENDAZOLE KF,RAK2,9.0,STRIP
A00148,AKURAT COMPACT,ETL3B,3.0,PCS
A00158,ACIFAR,RAK3,6.0,TUBE
A00160,ATORVASTATIN 20MG,RAK2,8.0,STRIP
A00161,ACETYLCYSTEINE 200MG,RAK2,18.0,STRIP
A00167,ACITRAL 10'S,ETL1,6.0,STRIP
A00168,ARKAVIT C,ETL1,10.0,STRIP
A00169,ADEM SARI SACHET 8'S,ETL3B,16.0,PCS
A00170,ACITRAL SUSPENSI 120ML,ETL1,2.0,BTL
A00175,ANAKONIDIN 30ML,ETL3A,9.0,BTL
A00176,ANAKONIDIN OBH 30ML,ETL3A,7.0,BTL
A00179,ANDALAN OVULATION,ETL3B,7.0,PCS
A00180,ANATON SYR,ETL3A,4.0,BTL
A00181,ALERHIS KAPLET 10MG,ETL1,8.0,STRIP
A00186,AUGENTONIC TM 15ML,ETL2,1.0,BTL
A00187,AMBESIP,ETL1,8.0,STRIP
A00188,ALPHAMOL TABLET 500MG,ETL1,1.0,STRIP
A00190,ASPILET CHEWABLE,RAK1,10.0,STRIP
A00191,ALLETROL SM,RAK4,4.0,TUBE
A00192,ALKOHOL MEDSWAB ONEMED,ETL5B,50.0,PCS
A00193,ALLERCYL TAB 4S,ETL1,26.0,STRIP
A00194,ANDALAN POSTPIL,RAK4,2.0,DUS
A00195,ANYTIME MEDIGUARD 50S KARET,ETL3B,25.0,PCS
A00196,AZITHROMYCIN 500MG NOVEL,RAK2,15.0,STRIP
A00200,ALODAN 100 MG,RAK1,17.0,STRIP
A00201,ALODAN 300MG,RAK1,8.0,STRIP
A00202,AXAPROFEN KAPLET ',ETL1,13.0,STRIP
A00203,ANTALINU,ETL3B,34.0,PCS
A00204,ANTANGIN CAIR 5'S,ETL5B,30.0,SACHET
A00205,ANTANGIN HABBATUSAUDA CAIR 5'S,ETL5B,30.0,SACHET
A00206,ACNES POINT CLEAR,ETL2,1.0,PCS
A00207,ACNES UV TINT 30GR,ETL2,1.0,TUBE
A00208,ACNES SPORT CARE 12GR,ETL2,1.0,TUBE
B0000001,BACTODERM 5GR,RAK3,1.0,TUBE
B0000002,BALSEM GELIGA 10 GR,ETL2,10.0,POT
B0000003,BALSEM GELIGA 20 GR,ETL2,8.0,POT
B0000004,BALSEM GELIGA 40 GR,ETL2,3.0,POT
B0000005,BALSEM K3 20 GR,ETL2,3.0,POT
B0000006,BALSEM LANG 10 GR,ETL2,5.0,POT
B0000007,BALSEM LANG 20 GR,ETL2,2.0,POT
B0000009,BALSEM TJIN TJAU 20 G,ETL2,4.0,POT
B0000010,BALSEM TJIN TJAU 36 G,ETL2,2.0,POT
B00000120,BROADAMOX,RAK1,18.0,STRIP
B00000121,BROADAMOX DS 60ML,RAK4,3.0,BTL
B00000125,BENEURON DRAGEE,ETL1,15.0,STRIP
B0000013,BECOM-C,ETL1,18.0,STRIP
B0000015,BENOSON CR 5G,RAK3,3.0,TUBE
B0000018,BENZOLAC CL,RAK3,2.0,TUBE
B0000019,BETADINE FEMINIME,ETL5B,4.0,BTL
B0000020,BETADINE GARGLE 190ML,ETL2,5.0,BTL
B00000208,BABY WIPPES 90'S,ETL5B,2.0,PCS
B0000021,BETADINE GARGLE 100ML,ETL2,4.0,BTL
B0000022,BETADINE OINT 10G,ETL3B,3.0,TUBE
B0000023,BETADINE OINT 5G,ETL3B,4.0,TUBE
B00000240,BIO OIL SKIN GEL 50ML,ETL2,1.0,BTL
B0000025,BETADINE SOL 15 ML,ETL3B,7.0,BTL
B0000026,BETADINE SOL 30 ML,ETL3B,4.0,BTL
B0000027,BETADINE SOL 5 ML,ETL3B,13.0,BTL
B0000028,BETAHISTINE,RAK2,18.0,STRIP
B0000030,BETASON N CR 5G,RAK3,5.0,TUBE
B0000031,BIOGESIC,ETL1,23.0,STRIP
B0000032,BIOLYSIN KIDS ANGGUR,ETL3A,4.0,BTL
B0000033,BIOLYSIN KIDS JERUK,ETL3A,4.0,BTL
B0000034,BIOLYSIN KIDS STRAW,ETL3A,3.0,BTL
B0000035,BIOPLACENTON 15GR,RAK3,2.0,TUBE
B0000037,BISOLVON KIDS,ETL3A,2.0,BTL
B0000038,BISOPROLOL 5MG,RAK2,9.0,STRIP
B0000039,BODREX,ETL1,26.0,STRIP
B0000040,BODREX EXTRA,ETL1,10.0,STRIP
B0000041,BODREX FB DAHAK,ETL1,16.0,STRIP
B0000042,BODREX FB KERING,ETL1,29.0,STRIP
B0000043,BODREX MIGRA,ETL1,15.0,STRIP
B0000044,BODREXIN DEMAM  SYR,ETL3A,4.0,BTL
B0000045,BORRAGINOL N SUPPO,KULKAS,14.0,SUPP
B0000046,BORRAGINOL S SUPPO,KULKAS,8.0,SUPP
B0000050,BYE BYE FEVER ANAK,ETL5B,19.0,SACH
B0000054,BRONCHITIN SYR,ETL3A,3.0,BTL
B0000057,BYE BYE FEVER BAYI,ETL5B,25.0,LEMBAR
B0000058,BATUGIN 120 ML,ETL2,3.0,BTL
B0000061,BATUGIN 300ML,ETL5B,2.0,BTL
B0000065,BUFACORT N 5G,RAK3,9.0,TUBE
B0000067,BETADINE PLESTER JUNIOR,ETL3B,2.0,PCS
B0000072,BETAMETHASON 0.1%,RAK3,28.0,TUBE
B0000073,BODREXIN  FB PE ANAK SYR (KERING),ETL3A,7.0,BTL
B0000074,BUFANTACID,ETL1,14.0,STRIP
B0000076,BUFANTACID FORTE SYR,ETL1,8.0,BTL
B0000078,BALPIRIK EXTRA MERAH,ETL2,2.0,POT
B0000081,BIOLYSIN SMART 60ML,ETL3A,4.0,BTL
B0000082,BETADINE SABUN CAIR 100ML,ETL5B,4.0,BTL
B0000088,BODREXIN FB PE ANAK SYR (DAHAK),ETL3A,7.0,BTL
B0000090,BETADINE SOL 60ML,ETL3B,2.0,BTL
B0000091,BENECOL ORANGE,SC,15.0,BTL
B0000092,BIOVISION,ETL2,6.0,BLISTER
B0000097,BALSEM LANG 40GR,ETL2,7.0,POT
B0000101,BORRAGINOL S OINT,RAK3,1.0,TUBE
B0000103,BEVALEX CR,RAK3,8.0,TUBE
B0000108,BEAR BRAND,SC,11.0,KLG
B0000109,BUFACARYL,RAK1,24.0,STRIP
B0000118,BRONKRIS TAB,ETL1,32.0,STRIP
B0000119,BORRAGINOL N OINT,RAK3,2.0,TUBE
B0000125,BREAST PADS YOUNG YOUNG,ETL5B,3.0,PCS
B0000193,BIOMEGA,RAK1,13.0,STRIP
B0000197,BIC NAT,ETL3B,200.0,TABLET
B0000199,BODREX FB KERING SYR (DEWASA),ETL3A,6.0,BTL
B0000200,BODREX PE DAHAK SYR (DEWASA),ETL3A,7.0,BTL
B0000201,BETOMINPLEX BOTOL,ETL1,2.0,BTL
B0000204,BENZOLAC GEL 2.5% 5GR,RAK3,2.0,TUBE
B0000207,BABY WASH 2IN1 PIGEON,ETL5B,3.0,BTL
B0000216,BATSARIA 10ML,ETL2,3.0,BTL
B0000220,BISACODYL TAB 5MG,ETL1,3.0,STRIP
B0000224,BMT PHP 400GR,ETL5A,1.0,BOX
B0000227,"BISOPROLOL 2,5MG",RAK2,10.0,STRIP
B0000234,BEJO JAHE MERAH,ETL5B,63.0,SACH
B0000236,BECOM-ZET,ETL1,3.0,STRIP
B0000238,BENZOLAC GEL 5% 5GR,RAK3,2.0,TUBE
B0000241,BIMACYL,ETL1,15.0,STRIP
B0000244,BLACKSOAP,ETL2,2.0,PCS
B0000266,BINTAMOX TAB,RAK1,8.0,STRIP
B0000268,BINTAMOX SYR,RAK4,3.0,BOTOL
B0000271,BETADINE PLASTER WATERPROOF,ETL3B,2.0,PCS
B0000273,BODREXIN TAB 4X4'S,ETL1,36.0,STRIP
B0000275,BIOMAG TAB,ETL1,14.0,STRIP
B0000276,BEBITHEN KRIM 20GR,ETL2,1.0,TUBE
B0000278,BIOLYSIN SYR 60 ML,ETL4,1.0,BTL
B0000279,BIOLYSIN DRAGEE TAB,ETL1,14.0,STRIP
B0000281,BIOLYSIN EMULSION 250ML,ETL4,1.0,BTL
B0000285,BENADRYL ORIGINAL 50ML,ETL3A,4.0,BTL
B0000286,BENADRYL WET COUGH 50ML,ETL3A,2.0,BTL
B0000287,BONE KIDZ TAB HISAP,ETL4,1.0,BTL
B0000288,BIOLYSIN EMULSION 60ML,ETL4,2.0,BTL
B0000289,BODREX BTK DOUBLE ACTION 60ML,ETL3A,6.0,BTL
B0000291,BABY SHAMPOO PIGEON 100ML,ETL5B,4.0,BTL
B0000292,BISOLVON LARUTAN 50ML,ETL3A,2.0,BTL
B0000294,BEPANTHEN BABY 10GR,ETL2,1.0,TUBE
B0000297,BYE BYE FEVER DEWASA,ETL5B,14.0,SCHET
B0000298,BIOGASTRON TABLET,ETL1,20.0,STRIP
B0000299,BODREXIN PILEK ELERGI SYR,ETL3A,6.0,BOTOL
B000030,BROCHIFAR KPT,ETL1,11.0,STRIP
B0000300,BRONEX TAB,ETL1,7.0,STRIP
B0000301,BOTOL PENYIMPAN ASI 3S YOUNG YOUNG,ETL5B,2.0,BOX
B0000302,BRUSH 2 IN 1 YOUNG YOUNG,ETL5B,1.0,PCS
B0000304,BEEME NOURISHING BALM,ETL2,1.0,PCS
B0000305,BODREXIN DEMAM FORTE SUSP 60ML,ETL3A,4.0,BTL
B0000306,BODREX FLU KAPLET,ETL1,15.0,STRIP
B0000308,BINASOL HERBAL,ETL2,2.0,TUBE
B0000309,BETALGIN TAB,RAK1,10.0,STRIP
B0000310,BISOPROLOL 5MG NOVEL,RAK2,9.0,STRIP
B0000312,BETADINE LOZENGES ORANGE,ETL5B,3.0,DUS
B000056,BROCHITIN TAB,RAK1,32.0,STRIP
B000057,BRONKAF SYR 60ML,ETL3A,3.0,SYR
B000073,BETAMOL,ETL1,20.0,STRIP
B000089,BETADINE ELASTIC FABRIC,ETL3B,4.0,AMP
B000200,BETADINE VAGINAL 100ML,ETL5B,1.0,BTL
B000207,BABY OIL BOTANICAL PIGEON 100ML,ETL2,6.0,BTL
B000306,BODREXIN FLU PILEK ANAK 56ML,ETL3A,9.0,BTL
C0000001,CALADINE LOT 95ML,ETL3B,8.0,BTL
C0000002,CALADINE LOT 60ML,ETL3B,11.0,BTL
C0000003,CALADINE TALK 100G,ETL3B,4.0,BTL
C0000004,CALADINE TALK 60G,ETL3B,11.0,BTL
C0000005,CALLUSOL,ETL2,5.0,BTL
C0000006,CANDISTIN,RAK4,2.0,BTL
C0000009,"CAPTOPRIL 12,5MG",RAK2,66.0,STRIP
C0000010,CAPTOPRIL 25MG,RAK2,79.0,STRIP
C00000102,COOLING 5 PLUS ORANGE,ETL2,13.0,BTL
C0000012,CATAFLAM 25MG,RAK1,39.0,TAB
C0000013,CATAFLAM 50MG,RAK1,97.0,TAB
C0000014,CATAFLAM D 50MG,RAK1,50.0,TAB
C00000143,CANDESARTAN 16MG,RAK2,9.0,STRIP
C0000015,CATARLENT 5ML,RAK4,2.0,FLS
C0000016,CDR FORTOS,ETL3A,2.0,TUBE
C00000177,CHILI PLAST 2.5CM,ETL3B,12.0,PCS
C00000179,CALSI-5,ETL1,10.0,STRIP
C0000018,CEFADROXIL 500MG,RAK2,22.0,STRIP
C0000021,CEFIXIME 100MG CAP,RAK2,4.0,STRIP
C0000023,CENDO LYTEERS 15ML,ETL2,5.0,FLS
C0000025,"CENDO TIMOL 0,5%MG",RAK4,2.0,FLS
C0000026,CENDO HYALUB 0.6ML MD,RAK4,1.0,FLS
C0000027,CENDO XITROL MINI DOSE,RAK4,3.0,PACK
C0000028,CENDO XITROL TM 5ML,RAK4,5.0,FLS
C0000029,CEREBROFORT EXCEL,ETL1,2.0,STRIP
C0000031,CEREBROFORT GOLD,ETL3A,2.0,BTL
C0000032,CETIRIZINE 10MG,RAK2,60.0,STRIP
C0000033,CHLORAMFECORT H CR 10G,RAK3,5.0,TUBE
C0000035,CINOLON CR,RAK3,3.0,TUBE
C0000037,CIPROFLOXACIN 500MG,RAK2,13.0,STRIP
C0000040,CLINDAMYCIN 150MG,RAK2,1.0,STRIP
C0000041,CLINDAMYCIN 300MG,RAK2,3.0,STRIP
C0000042,CLINOVIR CR 5G,RAK3,1.0,TUBE
C0000046,CONTREXIN,ETL1,30.0,STRIP
C0000048,"CORTIDEX 0,5MG",RAK1,180.0,TAB
C0000049,COTRIMOXAZOLE 480MG,RAK2,5.0,STRIP
C0000051,COUNTERPAIN 15 GR,ETL2,6.0,TUBE
C0000052,COUNTERPAIN 30,ETL2,8.0,TUBE
C0000053,COUNTERPAIN 5 GR,ETL2,6.0,TUBE
C0000055,CTM PIM,ETL1,37.0,STRIP
C0000058,CURCUMA IMUNS,ETL3A,1.0,BTL
C0000059,CURCUMA PLUS DHA JERUK,ETL3A,5.0,BTL
C0000060,CURCUMA PLUS DHA STRAW,ETL3A,3.0,BTL
C0000065,CEREBROFORT GOLD STRAW,ETL3A,3.0,BTL
C0000066,COLDREXIN SYR,ETL3A,8.0,BTL
C0000067,COMBANTRIN 10ML,ETL1,13.0,BTL
C0000070,CAVIPLEX TAB,ETL1,26.0,STRIP
C0000071,CANESTEN 5 GR,ETL2,1.0,TUBE
C0000072,CALCIFAR PLUS,ETL1,14.0,STRIP
C0000075,COMBANTRIN 250MG,ETL1,30.0,STRIP
C0000076,CAVIPLEX SYR,ETL3A,5.0,BTL
C0000078,CALORTUSIN,ETL1,19.0,STRIP
C0000079,COPAL CHEST 25 GR,ETL2,1.0,TUBE
C0000080,CURVIT SYR 60 ML,ETL3A,3.0,BTL
C0000082,CURCUMA PLUS GROW JRK,ETL4,2.0,BTL
C0000083,CURVIT CL,ETL4,1.0,BTL
C0000084,CURCUMA FCT TAB,ETL1,15.0,BLISTER
C0000086,CDR JERUK,ETL3A,3.0,BTL
C0000091,CEREBROFORT MARINE GUMMY ORANGE,ETL4,9.0,SACH
C0000095,CALADINE POWDER SOFT COMFORT 100gr,ETL3B,3.0,BTL
C0000097,COUNTERPAIN 120GR,ETL2,3.0,TUBE
C0000099,CHILI PLAST,ETL3B,31.0,ROL
C0000100,CALADINE BABY POW 50GR,ETL3B,5.0,BTL
C0000101,COOLING 5 SPRAY,ETL2,6.0,BTL
C0000103,CENTABIO GEL,RAK3,3.0,TUBE
C0000104,CHILI PLAST KECIL,ETL3B,19.0,ROL
C0000106,CD SUNAT,ETL5B,11.0,PCS
C0000107,CALADINE BABY 100GR,ETL3B,8.0,BTL
C0000110,CATAFLAM FAST 50MG,RAK1,8.0,SACH
C0000113,COPARCETIN SYR,ETL3A,2.0,BTL
C0000115,COPARCETIN KIDS,ETL3A,7.0,BTL
C0000118,COUNTERPAIN COOL 5GR,ETL2,13.0,TUBE
C0000122,CDR JERUK 15'S,ETL3A,4.0,BTL
C0000126,COLFIN SYR,ETL3A,5.0,BTL
C0000127,"CARBIDU 0,5",RAK1,40.0,STRIP
C0000129,COLFIN TAB,ETL1,18.0,STRIP
C0000139,CATARLENT MINI DOSE,RAK4,2.0,STRIP
C0000140,CHILD GO COKLAT 140ML,SC,12.0,BTL
C0000141,CHILD GO STRAW 140ML,SC,12.0,BTL
C0000142,CANDESARTAN 8MG,RAK2,4.0,STRIP
C0000152,CHIL GO VANILA 140ML,SC,9.0,BTL
C0000161,CIMORY,SC,6.0,BTL
C0000162,CENDO LYTEERS MD,ETL2,1.0,STRIP
C0000163,CHIL MIL SOYA 200GR,ETL5A,1.0,KLG
C0000165,CIMORY MINI,SC,50.0,BTL
C0000166,CEFADROXIL SYR 60ML,RAK4,1.0,BTL
C0000167,CAPTOPRIL 50MG,RAK2,18.0,STRIP
C0000169,CARBIDU 0.75MG,RAK1,43.0,STRIP
C0000170,COPARCETIN TABLET,ETL1,20.0,STRIP
C0000171,CEFIXIME D.S 100MG 30ML,RAK4,1.0,BTL
C0000175,COD LIVER OIL 100'S,ETL5A,4.0,BTL
C0000176,COD LIVER OIL 50'S,ETL5A,3.0,BTL
C0000178,CALCIFAR,ETL1,13.0,STRIP
C0000181,CAZETIN DROP,RAK4,2.0,BTL
C0000183,CEFIXIME 200MG KAP,RAK2,37.0,STRIP
C0000184,CENDO TIMOL 0.5% MD,RAK4,2.0,PCS
C0000185,CETZIN KAP,RAK1,5.0,STRIP
C0000187,CETIRIZINE SYR 60ML,RAK4,6.0,BTL
C0000190,CINOLON N CR 5GR,RAK3,4.0,TUBE
C0000196,CIMORY SQUEEZE,SC,9.0,PCS
C0000197,CURCUMA 20MG TABLET,ETL1,12.0,STRIP
C0000200,CETIRIZINE DROPS,RAK4,1.0,BTL
C0000201,CAVICUR SYR,ETL3A,2.0,BTL
C0000205,CAVIPLEX CDEZ,ETL1,8.0,STRIP
C0000206,CENDO MYDRIATYL 1% 5ML,RAK4,1.0,BTL
C0000211,CHIL GO ORIGINAL 130ML,SC,11.0,BTL
C0000214,CUSSONS BABY SKIN LOTION 50GR,ETL2,1.0,PCS
C0000215,CARMED CR 10%,RAK3,1.0,TUBE
C0000216,COMTUSI SYR STRAWBERRY 60ML,RAK4,1.0,BTL
C0000217,CESSA BIRU,ETL2,3.0,BTL
C0000218,CESSA MERAH,ETL2,6.0,BTL
C0000219,CESSA KUNING,ETL2,2.0,BTL
C0000220,CUSSONS E MEDIUM BAG (SET),ETL5B,1.0,SET
C0000223,CURCUMA LYSINE 60ML,ETL4,2.0,BOTOL
C0000224,CIMORY YOGURT STIK,SC,10.0,PCS
C0000225,CESSA BABY UNGU,ETL2,3.0,BTL
C0000226,CESSA BABY HIJAU,ETL2,5.0,BTL
C0000227,CANDESARTAN 16MG INTERBAT,RAK2,5.0,STRIP
C0000229,CLOFEN KAPSUL,ETL1,4.0,BLISTER
C0000231,CALADINE BABY LIQUID 200ML,ETL5B,1.0,BTL
C0000232,CAVIPLEX MOM BOTOL,ETL5A,1.0,BTL
C0000233,CALADINE BABY BARSOAP 85GR,ETL2,9.0,PCS
C0000234,CESSA BABY BIRU,ETL2,2.0,PCS
C0000236,CESSA BABY MERAH,ETL2,4.0,BTL
C0000237,COMTUSI BATUK BERDAHAK,ETL3A,3.0,BOTOL
C0000238,CEFIXIME DRY SYR 30ML NOVEL,RAK4,4.0,BTL
C0000239,CURCUMA PLUS GROW TAB ORANGE 20S,ETL4,2.0,BTL
C0000241,CAVICUR DHA SYR,ETL4,1.0,BTL
C0000242,CARDIVEN HERBAL,ETL2,1.0,BTL
C0000243,CDR SWEET EEF 20TAB BOX,ETL5B,1.0,BOX
C0000245,CALADINE BABY LIQUID PWDER 100G,ETL5A,3.0,BOTOL
C0000246,CALCIUM LACTAT,ETL1,20.0,STRIP
C0000247,CODELA TAB,ETL1,10.0,STRIP
C0000248,CARDIPIN 10MG,RAK1,9.0,STRIP
C000038,COTTONBUD SWAP 200'S,ETL5B,1.0,BTL
C000050,CIMORY UHT 250,SC,10.0,BTL
C0001,CUKA APEL,ETL2,5.0,BTL
C000137,CURVIT KAPLET,ETL1,9.0,STRIP
C000138,CONTREXIN SYR 60ML,ETL5B,3.0,BTL
C000140,CANESTEN CR 10G,ETL2,3.0,TUBE
C000142,RELIABLE COTTON BUDS DWS 100'S,ETL5B,2.0,BTL
C000144,C2FIT,ETL1,40.0,TAB
C000145,"CLOBETASOL PROPIONATE CR 0,05%",RAK3,2.0,TUBE
C000146,"CLOBETASOL PROPIONATE SALEP 0,05%",RAK3,2.0,TUBE
C000147,CTM STRIP,ETL1,25.0,STRIP
C000153,CARDIPIN 5MG,RAK1,22.0,STRIP
C000154,CAVICUR TAB,ETL1,10.0,STRIP
C000221,CUSSON BAG KCL,ETL5B,2.0,PCS
C000237,CESSA BABY KUNING,ETL2,3.0,BTL
D0000001,DACTARIN 5 GR,ETL2,2.0,TUBE
D0000002,DECOLGEN,ETL1,18.0,STRIP
D00000020,DIAPET 10'S,ETL1,16.0,STRIP
D0000003,DECOLSIN,ETL1,24.0,STRIP
D0000006,DERMAFIX,ETL3B,24.0,PCS
D000001,DEMACOLIN SYR 60ML,ETL3A,2.0,BTL
D0000010,"DEXAMETHASONE 0,5MG",RAK2,71.0,STRIP
D0000011,"DEXAMETHASONE 0,75MG",RAK2,76.0,STRIP
D0000012,DEXANTA SYR,ETL1,1.0,BTL
D0000013,DEXTAMINE,RAK1,140.0,TAB
D0000014,DEXTEEM,ETL1,12.0,STRIP
D0000015,DEXTEEM PLUS,RAK1,770.0,TAB
D0000016,DEXTRAL,ETL1,6.0,STRIP
D0000017,DIABETASOL CKLT 180G,ETL5A,1.0,BOX
D0000018,DIABETASOL VNLA 180G,ETL5A,2.0,BOX
D000002,DEMACOLIN TAB,ETL1,21.0,STRIP
D0000020,DOMPERIDON 10MG,RAK2,12.0,STRIP
D0000021,DRAGON MENTHOL HSP,ETL2,6.0,PCS
D0000024,DULCOLAX,ETL1,26.0,STRIP
D0000025,DUREX EXTRASAFE 3'S,ETL3B,1.0,BOX
D0000026,DUREX FEATHERLITE 3'S,ETL3B,1.0,BOX
D0000031,DIABETASOL SWEETENER 25'S,ETL5B,2.0,BOX
D0000032,DIABETASOL SWEETENER 50'S,ETL5A,2.0,BOX
D0000034,DIANE KB,RAK4,2.0,BOX
D0000035,DUMOCYCLINE 250MG,RAK1,610.0,KAP
D0000036,DULCOLAX ANAK SUPPO,KULKAS,6.0,SUPPO
D0000037,DIPROSONE OV,RAK3,1.0,TUBE
D0000038,DIAPET NR,ETL1,12.0,STRIP
D0000041,DACTARIN CR 10G,ETL2,2.0,TUBE
D000005,DEXKETOPROFEN TAB,RAK2,5.0,STRIP
D0000053,DIAPET ANAK,ETL1,14.0,SACH
D0000054,DECADRYL SYR,ETL3A,4.0,BTL
D0000059,DULCOLAX 10'S,ETL1,18.0,BLISTER
D0000063,DUMIN SYR 60ML,ETL3A,2.0,BTL
D0000064,DETTOL LIQ 250ML,ETL5B,3.0,BTL
D0000071,DRAMAMINE,RAK1,21.0,STRIP
D0000072,DEXANTA TAB,ETL1,19.0,STRIP
D0000075,DETTOL LIQ 100ML,ETL5B,4.0,BTL
D0000076,DRAGON MENTHOL HSB,ETL2,5.0,PCS
D0000077,DARSI KAPSUL,ETL5B,9.0,BOX
D0000078,DULCOLAK DEWASA SUPPO,KULKAS,5.0,SUPPO
D0000082,DIPROGENTA,RAK3,1.0,TUBE
D0000085,DECADRYL SYR 120 ML,ETL3A,1.0,BTL
D0000086,"DANASONE 0,5",RAK1,10.0,STRIP
D0000087,DEHISTA,ETL1,32.0,STRIP
D0000090,DARYANT-TULLE,KULKAS,14.0,SACH
D0000091,DIAPET SYR 60ML,ETL1,3.0,BTL
D0000097,DETTOL LIQ 50ML,ETL5B,4.0,BTL
D0000098,DOT PIGEON 120ML,ETL5B,2.0,BTL
D0000099,DOT PIGEON 240ML,ETL5B,4.0,BTL
D0000100,DE COUGH MENTHOL 60ML,ETL3A,4.0,BTL
D0000101,DOT PIGEON 50ML,ETL5B,2.0,BTL
D0000105,DE COUGH STRAWBERY 60ML,ETL3A,3.0,BTL
D0000106,DEXIGEN CR,RAK3,8.0,TUBE
D0000169,DIABETASOL SWEETENER 100'S,ETL5A,1.0,BOX
D0000171,DOMPERIDON SUSP 60ML,RAK4,6.0,BTL
D0000173,DESOXIMETHASONE 0.25 CR 15G,RAK3,14.0,TUBE
D0000179,DETTOL SOAP 65G,ETL5B,7.0,PCS
D0000180,DERMAFIX 10X25,ETL3B,13.0,PCS
D0000184,DIVOLTAR 50MG,RAK1,10.0,STRIP
D0000187,DUREX EXTRASACE 12'S,ETL3B,2.0,BOX
D0000189,DEGIROL STRIP,ETL5B,17.0,STRIP
D0000192,DOT RELIABLE 125ML,ETL5B,2.0,BTL
D0000194,DRAGON MIYAK SEREH 60ML,ETL2,4.0,BTL
D0000195,DRAGON MINYAK SEREH 30ML,ETL2,3.0,BTL
D0000196,DERMATIX ULTRA GEL 5GR,ETL2,2.0,TUBE
D0000198,DRAGON MINYAK SEREH 100ML,ETL2,3.0,BTL
D0000199,DOT YOUNG YOUNG 90ML,ETL5B,3.0,BTL
D0000200,DICLOFENAC DIETHYLAMINE 20GR,ETL2,2.0,TUBE
D0000207,DETTOL LIQ 495ML,ETL5B,1.0,BTL
D0000210,DICLOFENAC DIETHYLAMINE 50GR,ETL2,1.0,TUBE
D0000217,DIPROGENTA OINT 5GR,RAK3,1.0,TUBE
D0000218,DENICAM 20MG,RAK1,16.0,STRIP
D0000220,DESLORATADINE 5MG,RAK2,22.0,TAB
D0000223,DEXTAF TAB,RAK1,19.0,STRIP
D0000224,DOT YOUNG YOUNG 140ML,ETL5B,3.0,BTL
D0000225,DOREMI BODY WASH 200ML,ETL5B,1.0,BTL
D0000226,DAILY C 500MG,ETL1,2.0,STRIP
D0000227,DOLO NEUROBION TAB,ETL1,7.0,STRIP
D0000228,DERMAFIX 10X8CM,ETL3B,6.0,PCS
D0000229,DINO MATO,ETL2,7.0,SACHET
D0000230,DOODLE TELON OIL GRENTEA  100ML,ETL2,1.0,BTL
D0000232,DOODLE TELON OIL GREENTEA 10ML,ETL2,1.0,BTL
D0000233,DOODLE BABY GENTLE WASH 150ML,ETL2,1.0,BTL
D0000790,DERMATIX WOUND CARE,ETL2,1.0,TUBE
E0000001,EFISOL LIQ,ETL2,2.0,BTL
E0000002,ELTAZON,RAK1,470.0,TAB
E0000003,ENBATIC POW,RAK3,32.0,SACH
E0000004,ENERVONCE (30),ETL1,4.0,BTL
E0000006,ENTRASOL GOLD CKLT 185G,ETL5A,2.0,BOX
E0000007,ENTRASOL GOLD VNLA 185G,ETL5A,2.0,BOX
E00000086,ERMETHASONE 0.5 TAB,RAK1,21.0,STRIP
E00000098,EYEFRESH PLUS 5'S,ETL2,2.0,PCS
E000001,ERLAMOL F TAB,ETL1,19.0,STRIP
E0000010,ENTROSTOP ANAK,ETL1,37.0,SACH
E0000011,ENTROSTOP TAB,ETL1,21.0,STRIP
E0000013,EPEXOL SYR 120ML,RAK4,4.0,BTL
E0000015,ERLAMYCETIN PLUS TM,RAK4,7.0,TUBE
E0000016,ERLAMYCETIN SM,RAK4,5.0,TUBE
E0000017,ESTER C (30),ETL1,2.0,BTL
E0000018,EVER E (12),ETL5B,6.0,STRIP
E0000020,ENERVON C (4'),ETL1,36.0,STRIP
E0000021,ERLAMICETIN TT,RAK4,3.0,BTL
E0000023,ESTER C 4'S,ETL1,17.0,STRIP
E0000027,EASY TOUCH GCU,ETL5B,2.0,PCS
E0000028,EVER E 30'S,ETL5B,2.0,BTL
E0000030,EYEFRESH MD,ETL2,2.0,STRIP
E0000032,ELKANA TAB,ETL1,14.0,STRIP
E0000034,ELKANA SYR,ETL3A,1.0,BTL
E0000035,ELKANA CL EMULSI,ETL3A,1.0,BTL
E0000037,EPEXOL TAB,RAK1,16.0,STRIP
E0000041,EM KAPSUL '12,ETL5B,7.0,BOX
E0000044,ESPERSON 5G,RAK3,1.0,TUBE
E0000046,EXAFLAM 50GR,RAK1,2.0,STRIP
E0000047,EJIAO MADU CINA,ETL1,20.0,BTL
E0000049,ETAFLUSIN TAB,ETL1,37.0,STRIP
E0000051,EPERISON HCL TAB,RAK2,22.0,STRIP
E0000053,ENTRASOL ACTIVE COKLAT 160GR,ETL5A,2.0,DUS
E0000055,"ETADEX 0,5",RAK1,47.0,STRIP
E0000069,ENERVON ACTIVE (4'S),ETL1,7.0,STRIP
E0000070,ERPHAMAZOL 1% 5GR,ETL2,3.0,TUBE
E0000071,ERPHA ALLERIL 2% 5GR,ETL2,3.0,TUBE
E0000074,"ETADEX 0,75MG",RAK1,22.0,STRIP
E0000076,ERDOSTEIN 300MG,RAK2,4.0,STRIP
E0000080,EGOJI GUMMY JERUK,ETL4,8.0,SACH
E0000081,EGOJI GUMMY STRAW,ETL4,3.0,SACH
E0000082,EYEVIT TAB,ETL2,7.0,STRIP
E0000084,EYEVIT SYR 60ML,ETL2,1.0,BTL
E0000085,ERMETHASONE 0.75,RAK1,10.0,STRIP
E0000089,ERLAMOL SYR 60ML,ETL3A,5.0,BTL
E00001,ELSIRON KAPT,ETL1,13.0,STRIP
E0000100,ENBATIC SK 10gr,RAK3,5.0,TUBE
E0000104,ERLAMOL 500MG TAB,ETL1,26.0,STRIP
E0000106,EMPENG PIGEON MINILIGHT STEP 2,ETL5B,1.0,PCS
E0000108,ERPEPSA SUSPENSI 100ML,RAK4,2.0,BTL
E0000109,ERPHAMOL DROPS 15ML,ETL3A,3.0,BTL
E0000110,ERPHAMOL SYR 60ML,ETL3A,3.0,BTL
E0000112,ERPHAFLU TAB,ETL1,10.0,STRIP
E0000113,ERPHAMAG KAPLET,ETL1,12.0,STRIP
E0000114,ERPHAMOL TAB,ETL1,49.0,STRIP
E0000116,ERPHAMOL FORTE TAB,ETL1,10.0,STRIP
E0000117,EFISOL LOZENGES TAB,ETL5B,2.0,STRIP
E0000120,ERSOLON TABLET,RAK1,9.0,STRIP
E0000121,ERDOSTEIN DRY SYR 175MG 60ML,RAK4,2.0,BTL
E0000122,EVER C 500 LEMON STRIP,ETL1,8.0,STRIP
E0000123,ESEMAG 10ML SACHET,ETL1,35.0,SACHET
E0000124,ERYRA FORTE TABLET,RAK1,10.0,STRIP
E0000126,ERLA NEO HYDROCORT CR 5GR,RAK3,4.0,TUBE
E0000127,EGOJI GUMMY BLACKCURRANT,ETL2,3.0,PCS
E000020,ETABION,ETL1,11.0,STRIP
E0000523,ERICFIL FILM,RAK2,7.0,PCS
E0000524,EMTURNAS 500MG,ETL1,19.0,STRIP
E0000525,EMTURNAS FORTE,ETL1,18.0,STRIP
E0000526,ETAWALIN,ETL5A,3.0,BOX
E0000527,ERPHAMAG 100'S TAB,ETL1,1.0,BTL
E0000528,ERLAPUR 100MG,RAK1,9.0,STRIP
E0000529,ESEMAG TABLET,ETL1,15.0,STRIP
E0000530,ETAWA JAHE AMH SACHET,ETL2,18.0,SACHET
E0000531,ETAWA JAHE BOX AMH,ETL2,3.0,BOX
E000072,ERPHAFLAM TAB,RAK1,2.0,STRIP
E000088,ENTRASOL ACTIVE VAN LATTE 160GR,ETL5A,3.0,BOX
E000090,EMPENG RELIABLE STEP1,ETL5B,6.0,PCS
E000092,ESTER C KIDS 30'S,ETL4,2.0,BTL
E000093,ERICFIL 100MG,RAK1,8.0,TAB
E000105,ERLADERM-N CR,RAK3,3.0,TUBE
E00013,EUCA INH,ETL2,1.0,PCS
E000370,ETAMOX 500MG,RAK1,16.0,STRIP
E000371,ETAMOX SYR,RAK4,3.0,BTL
F00000001,FERMOL SYR 60ML,ETL3A,2.0,BTL
F0000002,FARGOXIN,RAK1,6.0,STRIP
F0000004,FARMOTEN 25MG,RAK1,8.0,STRIP
F0000005,FATIGON,ETL1,10.0,STRIP
F0000007,FATIGON SPIRIT,ETL1,15.0,STRIP
F0000008,FEMINAX,ETL1,17.0,STRIP
F0000009,FG TROCHES,RAK1,180.0,TAB
F00000091,FOLAMIL CAP 4'S,ETL5B,23.0,STRIP
F0000011,FIESTA BANANA 3'S,ETL3B,2.0,BOX
F0000013,FIESTA DOTTED 3'S,ETL3B,3.0,BOX
F0000016,FIESTA STRAWBERRY 3'S,ETL3B,3.0,BOX
F0000017,FIESTA ULTRA SAFE 3'S,ETL3B,2.0,BOX
F0000018,FIESTA ULTRA THIN 3'S,ETL3B,2.0,BOX
F0000020,FITKOM TAB ANGGUR,ETL4,3.0,BTL
F0000021,FITKOM TAB JERUK,ETL4,5.0,BTL
F0000022,FITKOM TAB STRAW,ETL4,5.0,BTL
F0000023,FLUNARIZINE,RAK2,5.0,STRIP
F0000024,FOLAVIT 400MG,ETL1,30.0,STRIP
F0000025,FRESH CARE CITRUS,ETL2,20.0,BTL
F0000026,FRESH CARE GREEN TEA,ETL2,12.0,BTL
F0000027,FRESH CARE LAVENDER,ETL2,9.0,BTL
F0000030,FRESH CARE STRONG,ETL2,16.0,BTL
F0000031,FUNGIDERM 5 GR,ETL2,2.0,TUBE
F0000036,FORUMEN TT,ETL2,3.0,BTL
F0000038,FRUIT 18 JR,ETL5A,1.0,BTL
F0000039,FUROSEMIDE 40 MG,RAK2,26.0,STRIP
F0000040,FIESTA PARTY PACK 12'S,ETL3B,2.0,DUS
F0000041,FIESTA DOTTED 12'S,ETL3B,2.0,DUS
F0000042,FIESTA BLACK COFFE 3.S,ETL3B,1.0,DUS
F0000043,FIESTA STRAW 12'S,ETL3B,2.0,DUS
F0000044,FASIDOL,ETL1,30.0,STRIP
F0000046,FASIDOL FORTE,ETL1,10.0,STRIP
F0000050,FULADIC CR 5GR,RAK3,1.0,TUBE
F0000054,FLUCADEX TAB,ETL1,26.0,STRIP
F0000056,FLADYSTIN OVULA,KULKAS,15.0,SUPP
F0000057,FASIDOL SYR,ETL3A,5.0,BTL
F0000060,FUNGIDERM 10GR,ETL2,5.0,TUBE
F0000072,FLUMIN,ETL1,15.0,STRIP
F0000073,FLOXIFAR,RAK1,9.0,STRIP
F0000074,FLUMIN SYR,ETL3A,4.0,BTL
F0000075,FRESTEA 350ML,SC,4.0,BTL
F0000078,FOLAVIT 4'S,ETL1,24.0,STRIP
F0000079,FARSIFEN SYR,ETL3A,3.0,BTL
F0000081,FARSIFEN 400MG TAB,RAK1,15.0,STRIP
F0000085,FOLAMIL GENIO,ETL5A,3.0,BTL
F0000086,FERMIA TAB,ETL1,20.0,STRIP
F0000090,FOLAMIL GOLD,ETL5A,1.0,BTL
F0000091,FAXIDEN 20MG,RAK1,20.0,STRIP
F0000094,FARSIFEN 200MG,ETL1,3.0,STRIP
F00001,FLOXIGRA 500MG,RAK1,11.0,STRIP
F0000107,FLUTAMOL KAPLET,ETL1,13.0,STRIP
F0000112,FLUNADIN TAB,ETL1,12.0,STRIP
F0000116,FRESH CARE EUCALYPTUS PATCH,ETL2,2.0,PCS
F0000117,FLUTAMOL SYR 60ML,ETL3A,4.0,BTL
F0000118,FLUANZA SYR 60ML,ETL3A,5.0,BTL
F0000119,FRESH CARE SPLASH FRUITY 10ML,ETL2,7.0,BTL
F0000120,FRESH CARE PRESS & RELAX STRONG,ETL2,8.0,PCS
F0000123,FLUCONAZOLE 150MG,RAK2,5.0,TAB
F0000124,FLUCADEX PE SYR,ETL3A,1.0,BTL
F0000125,FEMINAX CAIR SACHET,ETL1,1.0,SCHET
F0000126,FLASICOX 15MG,RAK1,3.0,STRIP
F0000127,FLAMAR 25MG TAB,RAK1,7.0,STRIP
F0000128,FASGO 500MG TAB,ETL1,14.0,STRIP
F0000129,FASGO FORTE 650MG TAB,ETL1,8.0,STRIP
F0000131,BEBIO TUMMY,ETL2,2.0,BTL
F0000133,FASIDOL PLUS KAPL,ETL1,20.0,STRIP
F0000134,FLUZA TAB,ETL1,9.0,STRIP
F0000135,FULAZ TAB,ETL5B,5.0,STRIP
F0000136,FLUZA DAY,ETL1,5.0,STRIP
F0000137,FASFIT CDEZ,ETL1,5.0,STRIP
F0000138,FRUIT FEEDER (BUAH),ETL5B,1.0,PCS
F00002,FLAMAR 50MG TAB,RAK1,15.0,STRIP
F0000244,FRESHCARE SMASH 8ML,ETL2,3.0,PCS
F000036,FARIZOL KAPLET,RAK1,6.0,STRIP
F000055,FLUCADEX SYR 60ML,ETL3A,4.0,BTL
F000075,FASIDOL FORTE SYR,ETL3A,4.0,BOTOL
F000076,FARNIREX,ETL1,9.0,STRIP
F000077,FARSIFEN PLUS,ETL1,28.0,STRIP
F000078,FASIDOL DROP,ETL3A,4.0,BTL
F000079,IMBOOST KIDS TAB 21'S,ETL4,3.0,BTL
F000082,FAXIDEN GEL 10GR,RAK3,2.0,TUBE
F000083,FIESTA GRAPE 3'S,ETL3B,2.0,PCS
F000085,FRESH CARE MKP,ETL2,5.0,FLS
F000086,FIESTA DELAY 3'S,ETL3B,1.0,PCS
F000091,FLUANZA KPT,ETL1,18.0,STRIP
F000101,FENAREN 50MG TAB,RAK1,15.0,STRIP
F000108,FLUTOP SYR,ETL3A,5.0,BTL
F000125,FRESHCARE TOLAK ANGIN,ETL2,10.0,BTL
G0000001,GANDAPURA LANG 30 ML,ETL2,9.0,BTL
G0000002,GANDAPURA LANG 60 ML,ETL2,2.0,BTL
G0000008,GELIGA CREAM 60GR,ETL2,4.0,TUBE
G000001,GENTALEX CR,RAK3,3.0,TUBE
G00000100,GUAIFENESIN 100MG,RAK2,14.0,STRIP
G00000101,GREEN OIL 3ML,ETL2,1.0,BTL
G00000105,GOOD DAY BTL,SC,7.0,BTL
G0000015,GLUCOPHAGE 500MG,RAK1,80.0,TAB
G0000016,GLUDEPATIC 500MG,RAK1,20.0,STRIP
G0000017,GOM,ETL2,25.0,BTL
G0000018,GPU 30 ML,ETL2,12.0,BTL
G0000019,GPU 60 ML,ETL2,12.0,BTL
G0000023,GAMAT SAR 30,ETL2,3.0,BTL
G0000025,GRAZEO,RAK1,49.0,STRIP
G0000026,GENTAMICYN CR,RAK3,8.0,TUBE
G0000027,GOMARS,ETL5A,8.0,DUS
G0000028,GASTRUCID SYR,ETL1,5.0,BTL
G0000029,GASTRUCID TAB,ETL1,18.0,STRIP
G0000030,GAZERO,ETL1,110.0,SACH
G0000031,GENOINT SK,RAK3,3.0,TUBE
G0000033,GENTIAN VIOLET,ETL2,68.0,BTL
G0000038,GENALTEN CR 5GR,RAK3,7.0,TUBE
G0000042,GRATHAZON 0.5,RAK1,63.0,STRIP
G0000043,GUANISTREP SYR,ETL1,4.0,BTL
G0000047,GRAFADON,ETL1,20.0,STRIP
G0000049,GLUCOSAMINE 500MG,ETL1,8.0,STRIP
G0000053,GPU KRIM 150GR,ETL2,3.0,POT
G0000057,GRAFALIN 4MG,RAK1,21.0,STRIP
G0000058,GRAFALIN 2MG,RAK1,15.0,STRIP
G0000059,GLIMEPIRIDE 2MG,RAK2,44.0,STRIP
G0000063,GINIFAR,RAK1,13.0,STRIP
G0000068,GRANTUSIF TAB,RAK1,43.0,STRIP
G0000070,GRAFACHLOR,RAK1,17.0,STRIP
G0000077,GREEN OIL HERBAL 5ML,ETL2,1.0,PCS
G0000080,GLIKOS 500MG,RAK1,30.0,STRIP
G0000085,GRAFAMIC,RAK1,15.0,STRIP
G0000086,GABAPETIN KAP 300MG,RAK2,4.0,STRIP
G0000087,GITARAMIN,RAK1,6.0,STRIP
G0000088,GENOINT SM,RAK4,5.0,TUBE
G0000089,GASELA TAB,RAK1,15.0,STRIP
G0000092,GPU KRIM 60GR,ETL2,2.0,PCS
G0000094,CENDO GLAOPEN MD,RAK4,1.0,STRIP
G0000097,GENOINT TM,RAK4,2.0,FLS
G0000102,GLUCOSAMINE 250MG,ETL1,8.0,STRIP
G0000103,GLIBENCLAMIDE BLISTER,RAK2,100.0,STRIP
G0000105,GLIQUIDONE 30MG,RAK2,28.0,STRIP
G0000118,GRAFADON FORTE TAB,ETL1,4.0,STRIP
G0000119,GABAG KANTONG ASI 120ML,ETL5B,377.0,PCS
G0000162,GLIMEPIRIDE 4MG,RAK2,12.0,STRIP
G0000168,GREEN OIL 10ML,ETL2,1.0,BTL
G0000169,GIZIDAT,ETL2,2.0,BTL
G0000170,GLIMEPIRIDE 1MG,RAK2,10.0,STRIP
G0000172,GRATHEOS TAB,RAK1,23.0,STRIP
G0000173,GRAMAX,RAK2,3.0,TABLET
G0000174,GRAFAZOL 500MG,RAK1,8.0,STRIP
G0000175,GRAHABION TAB,ETL1,9.0,STRIP
G0000176,GRAFADON SYR,ETL3A,3.0,BTL
G0000177,GASTIN FORCE SYR 100ML,ETL1,1.0,BTL
G000060,GLIMEPIRIDE 3MG,RAK2,12.0,STRIP
G000061,GLIMEPIRIDE 3MG NOVEL,RAK2,5.0,STRIP
G000070,GABUXIN,ETL2,11.0,BTL
G000087,GABAPENTIN KAP 100MG,RAK2,24.0,STRIP
G004,GELAS CUCI MATA,ETL3B,3.0,PCS
H0000001,HANSAPLAST,ETL3B,921.0,PCS
H0000002,HANSAPLAST ROL B,ETL3B,29.0,ROL
H0000003,HANSAPLAST ROL K,ETL3B,50.0,ROL
H0000004,HEMAVITON ACTION,ETL1,15.0,STRIP
H0000005,HEMAVITON STAMINA,ETL1,15.0,STRIP
H0000006,HEROCYN TALK 85G,ETL3B,7.0,BTL
H0000007,HUFAGRIP BP,ETL3A,22.0,BTL
H0000008,HUFAGRIP FLU,ETL3A,31.0,BTL
H0000009,HUFAGRIP PILEK,ETL3A,13.0,BTL
H0000010,HUFAGRIP TMP,ETL3A,7.0,BTL
H0000011,HYPAFIX,ETL3B,10.0,ROL
H0000012,HABBATUSAUDA 120,ETL2,2.0,BTL
H0000013,HUFAGRIP FORTE,ETL1,17.0,STRIP
H0000015,HYDROCORTISON 2.5% BOX,RAK3,12.0,TUBE
H0000016,HYPAFIX 5CMx5M,ETL3B,3.0,ROL
H0000018,HEROCYN TALK 150G,ETL3B,8.0,BTL
H0000019,HISTIGO,RAK1,15.0,STRIP
H0000020,HUKI NIPLE,ETL5B,3.0,PCS
H0000022,HOTIN CREAM,ETL2,10.0,BTL
H0000024,"HYDROCORTISON 2,5% TUBE",RAK3,24.0,TUBE
H0000026,HABBATUSAUDA 210,ETL2,1.0,BTL
H0000030,HUFAMAG PLUS TAB,ETL1,26.0,STRIP
H0000032,HEROCYN BABY 200GR,ETL3B,3.0,BTL
H0000034,HOTIN AROMATHERAPY 120ML,ETL2,2.0,BTL
H0000035,HUFRALGIN,RAK1,7.0,STRIP
H0000038,HEXOS,ETL2,6.0,SACHET
H0000042,HOTIN CREAM TUBE 120GR,ETL2,3.0,TUBE
H0000043,HOTIN CREAM TUBE 60GR,ETL2,5.0,TUBE
H0000049,H BOOSTER,ETL3A,4.0,BTL
H000005,HYDROCORTISON 0.1%,RAK3,5.0,TUBE
H0000050,HUFAMAG SYR,ETL1,3.0,BTL
H0000051,HOTIN AROMATHERAPY TUBE 60ML,ETL2,3.0,TUBE
H0000052,HOTIN AROMATHERAPY TUBE 120,ETL2,3.0,TUBE
H0000057,HOTIN CREAM 60 ML,ETL2,3.0,BTL
H0000058,HOTIN AROMATHERAPY 60ML,ETL2,2.0,BTL
H0000059,HERBAKOF SYR 60ML,ETL3A,6.0,BTL
H0000060,HEMAVITON CARDIO,ETL5A,6.0,STRIP
H0000061,HOTIN DCL 30GR,ETL2,3.0,TUBE
H0000065,HOTIN DCL 60GR,ETL2,2.0,TUBE
H0000067,HEROCYN BABY 100GR,ETL3B,9.0,BTL
H0000068,HUFAGESIC SYR 60ML,ETL3A,3.0,BOTOL
H0000069,HUFAGESIC,ETL1,20.0,STRIP
H0000071,HANSAPLAST KOYO PANAS 10S,ETL2,6.0,SACHET
H0000074,HANSAPLAST TRANSPARAN AMP,ETL3B,3.0,AMPLOP
H0000077,HOTIN STRONG TUBE 60GR,ETL2,6.0,TUBE
H0000079,HOTIN KOYO AROMTRPY,ETL2,14.0,PCS
H000008,HOTIN STRONG BTL 60ML,ETL2,2.0,BTL
H0000083,HUFANOXIL 500MG,RAK1,11.0,STRIP
H0000084,HISTAPAN,RAK1,21.0,STRIP
H0000092,HELIATECH SUNSCREEN SPF 45 30ML,ETL2,1.0,TUBE
H0000095,HELIXIM TAB,RAK1,3.0,STRIP
H0000098,HUFANEURON,ETL1,1.0,STRIP
H0000099,HUFABION,ETL1,12.0,STRIP
H0000100,HEEL-SOFT 20GR,ETL5B,1.0,TUBE
H0000103,HONEYMON,SC,12.0,BTL
H0000193,HUFAGESIC DROP,ETL3A,2.0,BTL
H0000489,HOTIN STRONG TUBE 120GR,ETL2,2.0,TUBE
H0000493,HEVIT-C 500MG,ETL5B,10.0,STRIP
H0000494,HOLIMOX 500MG,RAK1,11.0,STRIP
H0000495,HEMAVITON C1000,SC,1.0,BTL
H0000500,HERBORIST MINYAK ZAITUN,ETL2,3.0,BTL
H0000502,HAU FUNG SAN,ETL4,6.0,BTL
H0000503,HEVIT C 1000MG,ETL1,12.0,STRIP
H0000505,HUFAVICE TAB,ETL1,10.0,STRIP
H0000507,HUFAGRIP BP DEWASA SYR,ETL3A,5.0,BTL
H0000508,HERBORIST BODY LOTION ZAITUN,ETL5B,1.0,BTL
H0000509,HELTISKIN CR 5GR,RAK3,2.0,TUBE
H0000513,HESROID 500MG,ETL1,4.0,STRIP
H0000514,HOTIN GO 100GR,ETL2,2.0,BTL
H0000515,HOTIN GO STRONG 100GR,ETL2,2.0,BTL
H0000516,HOLIMOX 125MG SYR 60ML,RAK4,2.0,BTL
H0000517,HUFARIZINE TAB,ETL1,21.0,STRIP
H0000518,HOTIN GO STRONG TUBE 50GR,ETL2,3.0,TUBE
H0000519,HOTIN GO TUBE 50GR,ETL2,2.0,TUBE
H0000520,HUFANOXYL DS 60ML,RAK4,3.0,BTL
H0000521,H202 ONEMED 100ML,ETL3B,4.0,BTL
H0000522,HALOWELL VIT E 200IU,ETL1,2.0,STRIP
H0000523,HERPICLOF CR 5GR,RAK3,2.0,TUBE
H0000524,HERBAPROS HERBAL,ETL2,1.0,BTL
H0000525,HEEL SOFT 50GFR,ETL5B,1.0,TUBE
H0000526,HANSAPLAST FUN BOX,ETL5B,75.0,PCS
H0000527,HERBABLENO COUGH & FLU 100ML,ETL3B,1.0,BOTOL
H000078,HOTIN STRONG BOTOL 120ML,ETL2,4.0,BTL
H000080,HANSAPLAST SPRAY,ETL3B,1.0,BTL
H000082,HUFADEXTAMIN TABLET,RAK1,20.0,STRP
H000092,HISTAKLOR 2MG,ETL1,12.0,STRIP
H000094,HANSAPLAST FOOT PLASTER ENV 6'S,ETL3B,13.0,AMP
H000096,HANDRUB ANTISEPTIC 500ML,ETL3B,16.0,BTL
H000099,HUFAXOL,RAK1,9.0,STRIP
H000243,HUFAXOL SYR,RAK4,4.0,BOTOL
H000244,HANASUI SPF 50,ETL2,1.0,TUBE
H000245,HOLIKALK,ETL1,10.0,STRIP
H000456,HUFALLERZIN EXP SYR,ETL3A,3.0,BTL
H00457,HUFABETHAMIN SYR,RAK4,3.0,BTL
I0000001,IBUPROFEN 400MG,RAK2,16.0,STRIP
I0000004,IMBOOST,ETL1,80.0,TAB
I0000005,IMBOOST FORCE,ETL1,50.0,TAB
I00000067,IMBOOST EXTRA VIT.C D3 4'S,ETL1,4.0,STRIP
I0000008,INERSON OINT 15G,RAK3,2.0,TUBE
I0000009,INSTO REG,ETL2,12.0,BTL
I0000010,INTERHISTIN,RAK1,470.0,TAB
I0000011,INTUNAL FORTE,ETL1,35.0,STRIP
I0000012,INZA,ETL1,15.0,STRIP
I0000013,INZANA,ETL1,16.0,STRIP
I0000014,IPI A,ETL5B,5.0,BTL
I0000015,IPI B KOMPLEX,ETL5B,8.0,BTL
I0000016,IPI B12,ETL5B,5.0,BTL
I0000017,IPI C,ETL5B,10.0,BTL
I000002,ITAMOL TAB,ETL1,10.0,STRIP
I0000020,IMBOOST FORCE SYR,ETL3A,3.0,BTL
I0000022,ISOSORBIDE DINITRATE,RAK2,15.0,STRIP
I0000027,IMBOOST SYR,ETL3A,5.0,BTL
I0000028,INPEPSA 100 ML,RAK4,2.0,BTL
I0000031,INFLASONE KAPLET,RAK1,38.0,STRIP
I0000033,IPI B 1,ETL5B,6.0,BTL
I0000043,INFALGIN,RAK1,12.0,STRIP
I0000050,INTUNAL SYR 60ML,ETL3A,9.0,BTL
I0000053,INAMID TAB,RAK1,10.0,STRIP
I0000055,ITRAMOL SYR 60ML,ETL3A,3.0,BTL
I0000056,ITRABAT SYR 100ML,ETL3A,5.0,BTL
I0000058,IFREE,ETL5B,9.0,BOX
I0000059,IMBOOST EFFERVESCENT JRK,ETL3A,3.0,BTL
I0000061,INSTO DRY EYES,ETL2,7.0,BTL
I0000062,IMBOOST EFFERVESCENT JERUK 2'S,ETL1,9.0,STRIP
I0000065,IPI C 90'S,ETL5B,12.0,BTL
I0000066,IPI D3 1000,ETL5B,2.0,BTL
I0000067,IMODIAR 2MG TAB,RAK1,13.0,STRIP
I0000068,IMBOOST EXTRA VIT C & VIT D 8'S,ETL1,3.0,STRIP
I0000069,IMBOOST FORCE ULTIMATE 30'S,ETL1,37.0,TAB
I0000070,IMUFORCE TAB,ETL1,27.0,STRIP
I0000071,INSTO COOL,ETL2,10.0,BTL
I0000073,IFARSYL PLUS SYR 60ML,ETL3A,7.0,BTL
I0000074,INCIDAL OD CAPS NEW 4'S,ETL1,11.0,STRIP
I0000075,INFUSAN RL OTSUKA 500ML,RAK4,26.0,BOTOL
I0000076,IMBOOST TAB 4S,ETL1,4.0,STRIP
I0000077,IMBOOST FORCE COUGH KIDS SYR 60ML,ETL4,1.0,BTL
I000059,IMBOOST F COUGH 30'S,ETL1,30.0,TAB
I000060,IMBOOST COUGH SYR 60ML,ETL4,2.0,BTL
I000062,IFARSYL TAB,ETL1,10.0,STRIP
I000067,IPI E,ETL5B,3.0,BTL
I000073,IMBOOST BONE EFF 2'S,ETL1,6.0,STRIP
I00032,INFUSET DWS,ETL3B,3.0,PCS
I00068,IPI MINERAL ZINC PLUS,ETL5B,10.0,BTL
J0000001,JESSCOOL,ETL4,5.0,PCS
J0000015,JATI CINA TUBRUK,ETL2,4.0,BKS
J0000017,JOINT MAX,ETL1,3.0,STRIP
J0000020,JOHNSONS POWDER 100GR,ETL3B,4.0,BTL
J0000024,JOHNSONS POWDER 150GR,ETL3B,8.0,BTL
J0000027,AMH JAHE MERAH RENTENG,ETL5B,8.0,SACH
J0000030,JF SULFUR DERMAMED 90GR,ETL5B,3.0,PCS
J0000032,JARUM INSULIN MICROFINE UNGU 31X5,MEJA,41.0,PCS
J0000033,JF SULFUR ANTI ACNE 65GR,ETL5B,4.0,PCS
J0000034,JARUM INSULIN MICROFINE HIJAU 32X4,MEJA,48.0,PCS
J0000035,JAMKORAT,ETL2,1.0,BOTOL
J000005,JUS MADU,SC,12.0,BTL
K0000002,KALCINOL-N CR 5G,RAK3,6.0,TUBE
K00000029,KOMIX KIDS OBH PE,ETL1,58.0,PCS
K0000003,"KALMETHASONE 0,5MG",RAK1,70.0,TAB
K0000004,KALNEX 500MG,RAK1,180.0,TAB
K0000006,KALPANAX KRIM,ETL2,16.0,TUBE
K0000007,KANDISTATIN DROP SUSP 12ML,RAK4,3.0,BTL
K0000008,KADITIC,RAK1,240.0,TAB
K0000009,KAPSIDA,ETL5B,12.0,BTL
K0000010,KAPSUL TUNTAS,ETL5B,7.0,BOX
K0000012,KB ANDALAN,RAK4,113.0,STRIP
K0000013,KENALOG IN ORABASE 5G,RAK3,2.0,TUBE
K0000014,KETOCONAZOLE 2% CR,RAK3,12.0,TUBE
K0000015,KETOMED CR 15G,RAK3,4.0,TUBE
K0000016,KETOMED SHAMPO,RAK4,2.0,BTL
K0000017,KETOPROFEN 50MG,RAK2,5.0,STRIP
K0000019,KINOKI,ETL5B,20.0,PCS
K0000021,KLODERMA CR 10G,RAK3,11.0,TUBE
K0000022,KLODERMA CR 5G,RAK3,5.0,TUBE
K0000023,KLODERMA OINT 10G,RAK3,2.0,TUBE
K0000024,KLODERMA OINT 5G,RAK3,6.0,TUBE
K0000025,KOMIX JAHE,ETL1,29.0,SACH
K0000026,KOMIX JERUK NIPIS,ETL1,60.0,SACH
K0000029,KOMIX OBH,ETL1,44.0,SACH
K0000030,KOMIX PEPPERMINT,ETL1,23.0,SACH
K0000032,KONICARE M.TELON PLUS 60ML,ETL2,2.0,BTL
K0000033,KONIDIN,ETL1,74.0,STRIP
K0000038,KAPAS 250 GR BIRU,ETL5B,2.0,BAL
K0000046,KASSA STERIL CAHAYA,ETL3B,110.0,DUS
K0000055,KANA,ETL2,3.0,TUBE
K0000056,KAKAK TUA,ETL2,2.0,BTL
K0000058,KONICARE M.TELON 60ML,ETL2,2.0,BTL
K0000059,KONICARE M. KAYU PUTIH 60ML,ETL2,2.0,BTL
K0000060,KEJIBELING IKONG,ETL1,14.0,STRIP
K0000064,KETOCONAZOLE TAB,RAK2,17.0,STRIP
K0000065,KALIUM DIKLOFENAK 50MG,RAK2,12.0,STRIP
K0000066,KLORFESON CR,RAK3,9.0,TUBE
K0000069,KAPAS GULUNG 50GR,ETL5B,4.0,PCS
K0000071,KOTAK P3K DINDING,ETL4,2.0,PCS
K0000072,KAFLAM TAB 50MG,RAK1,30.0,TAB
K0000073,KOOL FEVER BABY,ETL5B,24.0,SACH
K0000074,KOOL FEVER KID,ETL5B,15.0,SACH
K0000077,KONICARE M.TELON PLUS 125ML,ETL2,3.0,BTL
K0000080,KANA WHITE 30GR,ETL2,2.0,TUBE
K0000081,KANA 30GR,ETL2,3.0,TUBE
K0000082,KAPSUL 0,LOKER,840.0,KAPSUL
K0000084,KOYO CABE,ETL2,3.0,SACHET
K0000085,KONIDIN OBH,ETL1,19.0,SACH
K0000086,KONICARE BABY DIAPER 60G,ETL2,2.0,TUBE
K0000089,KONICARE M.TELON 125ML,ETL2,3.0,BTL
K0000093,KAPAS GULUNG 100GR,ETL5B,4.0,PCS
K0000095,KIRANTI,SC,15.0,BTL
K0000096,KAPAS BIRU IKG,ETL5B,1.0,PCS
K0000097,KAPAS 500GR BIRU,ETL5B,2.0,BAL
K00001,SOSIS KANZELR,SC,22.0,PCS
K0000100,KULDON,ETL4,18.0,STRIP
K0000101,KOMIX HERBAL,ETL3A,20.0,TUBE
K0000103,KOMPOLAX SYR,ETL1,3.0,BTL
K0000120,PSORIDERM CR 5GR,RAK3,4.0,TUBE
K0000138,KAPAS GULUNG BIRU 25GR,ETL5B,2.0,PCS
K0000140,KONICARE M.KAYU PUTIH PLUS 60ML,ETL2,1.0,BTL
K0000141,KUTILOS,ETL2,3.0,BTL
K0000142,KOMIX HERBAL LEMON,ETL3A,1.0,BTL
K0000143,KOOL FEVER ADULT,ETL5B,10.0,PCS
K0000146,KARET DOT YOUNG YOUNG,ETL5B,6.0,PCS
K0000148,KAPSUL JAMU IBU MADURA,MEJA,11.0,BTL
K0000149,KALPANAX KRIM (POT),ETL2,8.0,POT
K0000156,KARET DOT RELIABLE,ETL5B,103.0,PCS
K0000165,KOMPRES XTRA COOL,ETL5B,11.0,SCHT
K0000166,KARET DOT RELIABLE GEPENG,ETL5B,31.0,PCS
K0000169,KONICARE MINYAK TELON 30ML,ETL2,3.0,BTL
K0000170,KONICARE M.TELON PLUS 30ML,ETL2,2.0,BTL
K0000174,KOMIX HERBAL SACH,ETL5B,12.0,SACH
K0000176,KENSHIN,ETL1,16.0,STRIP
K0000182,KRIM 88 ANTI JAMUR,ETL2,6.0,TUBE
K0000191,KONICARE MKP HOT 60ML,ETL2,2.0,BTL
K0000196,KEJIBELING KIDNEY BTOL,ETL1,1.0,BTL
K0000197,KONICARE BABY FRESH 100G,ETL3B,3.0,BOTOL
K0000198,KONICARE BABY POWDERY 100G,ETL3B,2.0,BOTOL
K0000199,KIN CARE GEL,ETL2,1.0,TUBE
K0000200,KISPRAY POUCH AMORIS 280ML,ETL5B,2.0,PCS
K0000201,KISPRAY POUCH VIOLET 280ML,ETL5B,2.0,PCS
K0000202,KISPRAY POUCH GOLD 280ML,ETL5B,2.0,PCS
K0000204,KISPRAY POUCH BLUISH 280ML,ETL5B,1.0,PCS
K0000205,KISPRAY POUCH SEGERIS 280ML,ETL5B,2.0,PCS
K0000206,KONVERMEX TABLET 125MG,ETL1,3.0,STRIP
K0000207,KARET DOT YOUNG YOUNG GEPENG,ETL5B,12.0,PCS
K0000208,KAPAS BOLA,ETL5B,3.0,PACK
K0000211,KUNYIT ASAM SIRIH PLUS MADU,ETL1,3.0,BOX
K000065,KETOCONAZOLE CR 15G,RAK3,3.0,TUBE
K00007,KALPANAX KRIM 10g,ETL2,6.0,TUBE
K0000789,KAPAS KHARISMA 30g,ETL5B,14.0,PCS
K000138,KARET DOT PIGEON,ETL5B,47.0,PCS
K000178,KOPI KOPDAR,ETL3B,10.0,PCS
K000179,KOPI DINAMYC,ETL3B,10.0,PCS
L0000001,LACTACID BABY,ETL5B,7.0,BTL
L0000003,LACTO-B,KULKAS,75.0,SACH
L0000004,LAFEN 50MG,RAK1,220.0,TAB
L0000005,LAMESON 4MG,RAK1,86.0,TAB
L0000006,LANG INHALER,ETL2,9.0,PCS
L0000007,LANSOPRAZOLE,RAK2,16.0,STRIP
L0000009,LASERIN 30 ML,ETL3A,10.0,BTL
L000001,LIPTIN IMPLORA,ETL2,1.0,PCS
L0000010,LAXING,ETL1,44.0,STRIP
L00000100,LOKEV KAP,RAK1,13.0,STRIP
L0000011,"LICODEXON 0,5MG",RAK1,15.0,STRIP
L0000012,LIVRON B-PLEX,ETL1,14.0,STRIP
L0000013,LODIA 2MG,RAK1,140.0,TAB
L0000014,LORATADINE 10MG,RAK2,50.0,TAB
L0000015,LOTTE,ETL2,5.0,BTL
L0000017,LANSET,MEJA,558.0,PCS
L0000018,LASERIN 60ML,ETL3A,4.0,BTL
L0000019,LIKOKALK,ETL1,38.0,STRIP
L0000021,"LANADEXONE 0,5",RAK1,38.0,STRIP
L0000027,LACTULAX SUSP,ETL1,1.0,BTL
L0000029,LISINOPRIL 10MG,RAK2,8.0,STRIP
L0000033,LASERIN 110ML,ETL3A,6.0,BTL
L0000034,LASERIN MADU 60ML,ETL3A,10.0,BTL
L0000037,LIKOKALK PLUS,ETL1,12.0,STRIP
L0000046,LAMESON 8MG,RAK1,32.0,TAB
L0000047,LISTERINE COOL MINT 250ML,ETL2,4.0,BTL
L0000052,LAPIBAL,RAK1,4.0,STRIP
L0000054,LAXADINE 60ML,ETL1,3.0,BTL
L0000055,LASEGAR BTL KECIL,SC,23.0,BTL
L0000056,LASEGAR KLG,SC,33.0,KLG
L0000063,LASERIN MADU 30ML,ETL3A,15.0,BTL
L0000067,L-BIO,KULKAS,21.0,SACH
L0000072,LO HAN KUO,ETL3A,21.0,KOTAK
L0000073,LISTERIN COOL MINT 80ML,ETL2,4.0,BTL
L0000074,LERZIN,RAK1,18.0,STRIP
L0000075,LACTACY BABY 150ML,ETL5B,5.0,BTL
L0000076,LASEGAR BTL BSR,SC,15.0,BTL
L0000077,LATIBET 5MG,RAK1,16.0,STRIP
L0000089,LORIHIS SYR 5MG 60ML,ETL1,1.0,BTL
L0000091,LERZIN SYR,RAK4,4.0,BTL
L0000092,LE MINERAL 600ML,SC,36.0,BTL
L0000093,LE MINERAL 330ML,SC,39.0,BTL
L0000094,AFITSON 13GR,ETL2,1.0,PCS
L0000095,LISTERIN FRESH BURST 80ML,ETL2,3.0,BTL
L0000097,LOLLIPOP BESAR,ETL2,77.0,PCS
L0000099,LERZIN DROP,RAK4,4.0,BTL
L0000100,LANPEPSA 120ML,RAK4,2.0,BTL
L0000101,LAXING 10'S,ETL1,4.0,STRIP
L0000102,LASEGAR KLG ANAK,SC,23.0,KLG
L0000104,LISINOPRIL 5MG,RAK2,10.0,STRIP
L0000105,LAMBUCID SYR 60ML,ETL1,2.0,BTL
L0000109,LAMBUCID TAB 10'S,ETL1,11.0,STRIP
L0000110,LACTAMOR KAPLET,ETL5B,6.0,STRIP
L0000113,LACTACYD BABY EXTRA MILKY 150ML,ETL5B,1.0,BTL
L0000114,LIFREE L 8'S,ETL5A,1.0,PACK
L0000119,LANSOPRAZOLE TAB NUFA,RAK2,3.0,STRIP
L0000120,LIFREE CELANA XL 3S,ETL5A,1.0,PACK
L0000121,LIFREE CELANA XL 6S,ETL5A,1.0,PACK
L0000122,LIFREE POPOK PEREKAT XL 6S,ETL5A,1.0,PACK
L0000123,LANCAR ASI STRIP,ETL5A,5.0,STRIP
L0000124,LOSMANS VCO BTL 100ML,ETL2,2.0,BTL
L0000125,LIFREE POPOK PEREKAT M 8S,ETL5B,1.0,PACK
L0000205,LOSTACEF SYR,RAK4,3.0,BTL
L0000206,LIFREE POPOK PEREKAT L 7S,ETL5A,1.0,PACK
L000021,LOSTACEF,RAK1,13.0,STR
L000022,L-CAL KAP 5X6,ETL1,8.0,STRIP
L000023,LEVOFLOXACIN 500MG,RAK2,4.0,STRIP
L000024,LISTERINE SIWAK 100ML,ETL2,2.0,BTL
L000025,LACTULOSE SYR,ETL1,1.0,BTL
L000027,LISTERIN FRESH BURSTN 250ML,ETL2,1.0,BTL
L000028,LAMANDEL SCHT,ETL2,17.0,SCHT
L000030,LELAP 4'S,ETL5B,18.0,STRIP
L00029,LACTACYD BABY 250ML,ETL5B,4.0,BTL
M00000,MUCOHEXIN ELIXIR SYR,ETL3A,3.0,BTL
M00000011,MARCK TEENS ANCE EXPERT FACE,ETL5A,2.0,BOTOL
M0000005,M. TELON LANG 30 ML,ETL2,3.0,BTL
M0000006,M. TELON LANG 60 ML,ETL2,2.0,BTL
M0000007,MY BABY TELON PLUS 60 ML,ETL2,10.0,BTL
M0000008,MY BABY TELON PLUS 90 ML,ETL2,16.0,BTL
M0000009,M. URUT DRAGON,ETL2,2.0,BTL
M0000014,MARCKS CRME,ETL3B,7.0,PCS
M0000015,MARCKS PUTIH,ETL3B,9.0,PCS
M0000016,MARCKS ROSE,ETL3B,5.0,PCS
M0000018,MECOBALAMINE 500MG,RAK2,15.0,STRIP
M0000019,MEDICATED OIL 40 ML (M.SUCI),ETL2,6.0,BTL
M0000020,MEDIKLIN GEL 15G,RAK3,3.0,TUBE
M00000214,MJS NATURE GENE TBP,ETL3A,1.0,BTL
M0000023,MEFINAL 500MG,RAK1,90.0,TAB
M0000024,MELANOX CR 15G,RAK3,3.0,TUBE
M0000025,MELANOX FORTE CR 15G,RAK3,4.0,TUBE
M0000026,MELOXICAM 15MG,RAK2,8.0,STRIP
M0000027,"MELOXICAM 7,5MG",RAK2,67.0,STRIP
M0000029,MERTIGO 6MG,RAK1,72.0,TAB
M0000030,METFORMIN 500MG,RAK2,67.0,STRIP
M0000031,METHILPREDNISOLONE 16MG,RAK2,79.0,STRIP
M0000032,METHILPREDNISOLONE 4MG,RAK2,58.0,STRIP
M0000033,METHILPREDNISOLONE 8MG,RAK2,27.0,STRIP
M0000034,METRONIDAZOLE,RAK2,18.0,STRIP
M0000036,MICROGYNON KB,RAK4,5.0,BOX
M0000041,MIXAGRIP,ETL1,22.0,STRIP
M0000042,MKP LANG 120 ML,ETL2,10.0,BTL
M0000043,MKP LANG 15 ML,ETL2,19.0,BTL
M0000044,MKP LANG 210 ML,ETL2,6.0,BTL
M0000045,MKP LANG 30 ML,ETL2,17.0,BTL
M0000046,MKP LANG 60 ML,ETL2,21.0,BTL
M0000048,MKP SIDOLA 30 ML,ETL2,3.0,BTL
M0000050,MOLEXFLU,ETL1,27.0,STRIP
M0000053,MYCORAL 200MG,RAK1,79.0,TAB
M0000054,MYCORAL CR,RAK3,6.0,TUBE
M0000055,MYLANTA SYR (K),ETL1,7.0,BTL
M0000056,MYLANTA TAB,ETL1,16.0,STRIP
M0000057,MOLACORT 0.75MG,RAK1,13.0,STRIP
M0000059,MICROLAX 3'S,ETL1,9.0,TUBE
M0000060,MYLANTA SYR (B),ETL1,5.0,BTL
M0000061,MATERNITY,ETL5B,5.0,PCS
M0000062,MAMI BREAST PUMP,ETL5B,5.0,PCS
M0000063,MICONAZOL CR 2%,ETL2,36.0,TUBE
M0000064,MADURASA JERUK,ETL4,89.0,SACH
M0000074,M. KAPAK 3ML,ETL2,5.0,BTL
M0000075,M. KAPAK 5ML,ETL2,6.0,BTL
M0000076,M. KAPAK 28ML,ETL2,4.0,BTL
M0000078,MADU SYAMIL ANAK,ETL2,4.0,BTL
M0000081,MINYAK ZAITUN MUSTIKA RATU 75ML,ETL2,2.0,BTL
M0000084,MEDIKLIN TR 15 GRAM,RAK3,3.0,TUBE
M0000086,MIXAGRIP FLU DAN BATUK,ETL1,28.0,STRIP
M0000087,MEDICATED 12 ML,ETL2,4.0,BTL
M0000088,MEDICATED 20 ML,ETL2,10.0,BTL
M00000884,MEDICATED WINTER BIRU 13ML,ETL2,2.0,BTL
M0000090,MASTER NON WOVEN,ETL3B,6.0,DUS
M0000091,MY BABY TELON PLUS 150 ML,ETL2,8.0,BTL
M0000093,MOLACORT 0.5 MG,RAK1,15.0,STRIP
M0000095,M. KAPAK 56 ML,ETL2,2.0,BTL
M0000098,MADU TJ STRAW,ETL4,24.0,SACH
M0000099,MADU TJ JERUK,ETL4,31.0,SACH
M00001,MOM UUNG,ETL2,1.0,BTL
M0000100,MIRASIC,ETL1,94.0,STRIP
M0000101,MUCOS SYR,RAK4,6.0,BTL
M0000103,MADU TJ SUPER 150GR,ETL2,4.0,BTL
M0000104,MUCOHEXIN TAB,ETL1,3.0,STRIP
M0000106,MBK POWDER,ETL3B,34.0,SACH
M0000108,M. TELON LANG PLUS 60ML,ETL2,4.0,BTL
M0000115,MADU BIMA 99,ETL2,1.0,BTL
M0000120,MOMILEN DIAPER RUSH 30,ETL2,1.0,TUBE
M0000121,MOMILEN NURSING CR 15GR,ETL2,2.0,TUBE
M0000132,M.ANGIN LANG 24ML,ETL2,1.0,BTL
M0000133,MKP LANG AROMATIK 30ML,ETL2,5.0,BTL
M0000141,MEDIAMER B6,RAK1,5.0,STRIP
M0000146,M. KAPAK 10ML,ETL2,1.0,BTL
M0000147,M. KAPAK 14ML,ETL2,2.0,BTL
M0000148,MIRASIC SYR,ETL3A,11.0,BTL
M0000157,MADU SYAMIL DEWASA,ETL2,1.0,BTL
M0000164,MY BABY POWDER 50GR,ETL3B,15.0,BTL
M0000165,MY BABY POWDER 100GR,ETL3B,22.0,BTL
M0000166,MY BABY POWDER 150GR,ETL3B,1.0,BTL
M0000169,MEXON,RAK1,23.0,STRIP
M0000171,MAAG GEL,ETL1,6.0,BTL
M0000173,MIXALGIN TAB,RAK1,13.0,STRIP
M0000176,MADU TJ MURNI 250GR,ETL2,6.0,BTL
M0000181,MADU HITAM PROPOLIS SAR,ETL2,2.0,BTL
M0000184,MY BABY TELON PLUS LONG PROTECTION 60ML,ETL2,6.0,BTL
M0000185,MIRASIC FORTE  650MG,ETL1,12.0,STRIP
M0000191,MAMA PAD FLOWER (24),ETL5B,2.0,BOX
M0000192,MAMA PAD FLOWER (56),ETL5B,1.0,BOX
M0000194,MY BABY TELON PLUS LONG PROTECT 90ML,ETL2,7.0,BTL
M0000195,MADU TJ MURNI 500GR,ETL2,5.0,BTL
M0000197,M. IKAN SALMON,ETL5A,3.0,BTL
M0000201,MUPIROCIN OINTMENT 10GR,RAK3,3.0,TUBE
M0000202,MOLAKRIM 30GR,ETL2,3.0,TUBE
M0000205,MYCORINE CR 5G,ETL2,5.0,TUBE
M0000210,MOLAFAT SYR,RAK4,1.0,BTL
M0000214,MY BABY SHAMPOO,ETL5B,1.0,BTL
M0000216,MINYAK BUT-BUT,ETL2,5.0,BTL
M0000217,MADU TJ PANAS DALAM 150GR,ETL2,7.0,BTL
M0000219,MKP LANG PLUS 60 ML,ETL2,3.0,BTL
M0000225,MAGTRAL STRAW,ETL1,7.0,STRIP
M0000226,MEPROMAAG TAB,ETL1,7.0,STRIP
M0000227,MOLADERM CR 10GR,ETL2,6.0,TUBE
M0000229,MARCKS TEENS CP PINK,ETL3B,4.0,PCS
M000023,MEXON SYR 60ML,RAK4,4.0,BTL
M0000233,MY BABY TELON PLUS 150ML LONG PROTEC,ETL2,7.0,BTL
M0000237,MADURASA JERUK NIPIS 150GR,ETL2,2.0,BTL
M0000241,M. TELON LANG PLUS 150ML,ETL2,1.0,BOTOL
M0000243,FRESH CARE PRESS & RELAX MKP,ETL2,7.0,PCS
M0000244,MASKER KARET NIAN,ETL3B,900.0,PCS
M0000247,MILO UHT 110,SC,15.0,PCS
M0000248,MASKER NIAN HIJAB,ETL3B,228.0,PCS
M0000249,MASKER NIAN DUCKBIL,ETL3B,552.0,PCS
M0000250,MASKER ANYTIME MEDIGUARD 5'S,ETL5B,3.0,PCS
M0000261,MKP CAP AYAM,ETL2,3.0,BTL
M000051,MOLEXFLU SYR,ETL3A,5.0,BTL
M0000862,MADU MAGO 350GR,ETL2,1.0,BTL
M0000864,MADU MULTI GURAH FB + PILEK,ETL1,3.0,BTL
M0000867,MADU MURNI HUTAN JAMBI BESAR,ETL2,1.0,BTL
M0000868,MADU MURNI HUTAN JAMBI KECIL,ETL2,2.0,BTL
M0000871,MEZAC 50MG,RAK1,7.0,STRIP
M0000872,MUCOS TAB,RAK1,18.0,STRIP
M0000873,MYCAZOL CR 2% 5GR,ETL2,5.0,TUBE
M0000874,MYCAZOL TABLET,RAK1,6.0,STRIP
M0000875,MOFACORT CREAM 10GR,RAK3,1.0,TUBE
M0000876,MOLEXFLU PE KAPLET,ETL1,19.0,STRIP
M0000879,MY BABY TELON PLUS 60ML LAVENDER,ETL2,4.0,BTL
M0000880,MEDERMA ADVANCED GEL,ETL2,1.0,TUBE
M0000881,MANTINO TAB,ETL1,11.0,STRIP
M0000882,MASTER NON WOVEN BESAR,ETL3B,8.0,PCS
M0000884,MADURASA ORIGINAL BTL 150GR,ETL2,1.0,BTL
M0000885,MINYAK HERBA WAHID 100ML,ETL2,2.0,BTL
M0000886,MINYAK ZAITUN MUSTIKA RATU 175ML,ETL2,5.0,BTL
M0000887,MILK CONTAINER 4 LAYERS YOUNG YOUNG,ETL5B,1.0,PCS
M0000888,MINYAK ZAITUN MAWAR 150ML,ETL2,3.0,BTL
M000111,MADU KURMA TJ 150GR,ETL2,3.0,BTL
M000112,MADURASA ORIGINAL,ETL4,144.0,SACH
M000114,MAMI KOMPRES,ETL5B,62.0,SACH
M000115,MADU TJ SUPER 500 GR,ETL2,2.0,BTL
M000116,MADU TJ SUPER 250 G,ETL2,8.0,BTL
M000117,MADU TJ MURNI 150 GR,ETL2,5.0,BTL
M000176,M.TELON LANG PLUS 100 ML,ETL2,1.0,BTL
M000177,MBK SILVER,ETL3B,12.0,SACHET
M000178,MADU TJ KURMA 250GR,ETL2,5.0,BOTOL
M000181,MASKER HIJAB,ETL3B,150.0,PCS
M000198,METFORMIN 850MG,RAK2,8.0,BLISTER
M000204,MADU GEMUK ANAK,ETL2,1.0,BTL
M000205,MADU GEMUK DEWASA,ETL2,1.0,BTL
M000206,MADU TJ LEMON 150GR,ETL2,6.0,BTL
M000207,MADU TJ ORIGINAL,ETL4,48.0,SCHT
M000213,MJS NATURE PROPOLIS 6ML,ETL2,2.0,BTL
M000215,MARCKS TEENS CP CREME,ETL3B,2.0,PCS
M000216,MARCKS TEENS CP PUTIH,ETL3B,1.0,PCS
M000219,MOMETASONE CR 5GR,RAK3,2.0,TUBE
M000220,MOMETASONE CR 0.1% 10G,RAK3,2.0,TUBE
M000223,MADU MURNI WELLERY 650ML,ETL2,7.0,BTL
M000224,MADU MURNI WELLERY 250ML,ETL2,10.0,BTL
M000225,MADU MURNI WELLERY 120ML,ETL2,3.0,BTL
M000226,MADU WELLERY MUNGIL,ETL2,3.0,BTL
M000227,MUCOVY SYR,ETL3A,1.0,BTL
M000230,MIRASIC PLUS,ETL1,14.0,STRIP
M000231,MOMETASONE 1MG,RAK3,1.0,TUBE
M000235,MADU HITAM PROPOLIS 175GR SAR,ETL2,4.0,BTL
M000240,MASKER HIJAB SENSI,ETL3B,247.0,PCS
M000241,MY BABY KIDS KAYU PUTIH PLUS 60ML,ETL2,3.0,BTL
M000242,MASKER ANAK NIAN,ETL3B,14.0,PCS
M000245,MUPIROCIN CACIUM 5GR,RAK3,2.0,TUBE
M000247,MADU HIJAU AL-FAUZ BESAR,ETL1,4.0,BTL
M000248,MADU HITAM JAMBI,ETL1,2.0,BOTOL
M000249,MYCORINE CR 15GR,ETL2,1.0,TUBE
M000250,MY BABY TELON PLUS 30ML,ETL2,1.0,BTL
M00054,MADURASA 150ML,ETL2,2.0,BTL
M000570,MADU SUMBAWA GELAS,ETL1,3.0,BTL
M000572,MADU PAHIT+PROPOLIS PRM (B),ETL1,3.0,BTL
M000573,PRIMA PLUS PASAK BUMI [B],ETL1,1.0,BTL
M000574,MADU HITAM DIABET,ETL1,5.0,BTL
M000575,MOLAGIT,ETL1,28.0,STRIP
M000576,MADU LAMBUNG,ETL5A,4.0,BTL
M000577,MINYAK BUT-BUT HPAI,ETL2,1.0,BOTOL
M000880,MYBABY TELON PLUS LAVENDER 90ML,ETL2,5.0,BTL
M00275,MIMI BALM,ETL2,2.0,TUBE
N00000011,NEURALGIN RHEMA,RAK1,13.0,STRIP
N0000002,NATRIUM DIKLOFENAK 50MG,RAK2,46.0,STRIP
N0000003,NATUR E (16),ETL5B,24.0,STRIP
N0000004,NEO HORMOVITON,ETL1,20.0,STRIP
N0000006,NEO RHEUMACYL,ETL1,13.0,STRIP
N0000007,NEO RHEUMACYL NEURO,ETL1,7.0,STRIP
N0000008,NEOZEP,ETL1,35.0,STRIP
N0000009,NEPHROLIT,ETL1,29.0,STRIP
N0000010,NEURALGIN RX,RAK1,18.0,STRIP
N00000100,NUFADOL KAPS PCT,ETL1,8.0,STRIP
N00000102,NATUR E ADVANCE (32),ETL5B,1.0,BOX
N0000011,NEUROBION 5000 TAB,ETL1,34.0,STRIP
N0000012,NEUROBION TAB,ETL1,20.0,STRIP
N0000014,NEUROSANBE PLUS,RAK1,90.0,TAB
N0000015,NEUROSANBE TAB,ETL1,11.0,STRIP
N00000154,"NEOPLAST MEDIGUARD 100,S",ETL3B,84.0,PCS
N00000155,NOVAMOX DS,RAK4,2.0,BTL
N0000016,NEW AS TAR OINT,ETL2,3.0,TUBE
N0000017,NEW DIATAB,ETL1,26.0,STRIP
N0000018,NIFEDIPIN 10MG,RAK2,9.0,STRIP
N0000021,NORIT,ETL1,3.0,BTL
N0000022,NOSIB (B),ETL2,6.0,POT
N0000023,NUTRIV BENECOL BCR,SC,6.0,BTL
N0000024,NUTRIV BENECOL STRW,SC,6.0,BTL
N0000030,NEUROSANBE 5000,ETL1,3.0,STRIP
N0000031,NASAL ASPIRATOR,ETL4,3.0,PCS
N0000034,NEURODEX 200,ETL1,16.0,STRIP
N0000037,NIPPLE SHIELD RELIABLE,ETL5B,3.0,PCS
N0000040,NOURISHSKIN 15'S,ETL5B,1.0,BOX
N0000041,NOURISHSKIN ULTIMATE,ETL5B,1.0,BOX
N0000044,NOURISH ACNE GEL,ETL2,1.0,TUBE
N0000045,NIZORAL CR 5GR,RAK3,2.0,TUBE
N0000050,NUTRIV BENECOL LECY,SC,7.0,BTL
N0000053,NORELUT 5MG,RAK1,40.0,TAB
N0000058,NATUR E 32'S,ETL5B,48.0,STRIP
N0000065,NOVADEX 0.75,RAK1,32.0,STRIP
N0000068,NATUR E ADVANCE (16),ETL5B,3.0,BOX
N0000069,NOSIB 6GR,ETL2,12.0,POT
N000007,NEO RHEUMACYL CR,ETL2,1.0,TUBE
N0000070,NISAGON CR,RAK3,8.0,TUBE
N0000073,NOVADEX 0.5MG,RAK1,16.0,STRIP
N0000077,NUFADOL SYR 60ML,ETL3A,3.0,BOTOL
N0000078,NEBACETIN OINT 5GR,RAK3,1.0,TUBE
N0000083,NATUR E 300IU (16),ETL5B,16.0,STRIP
N0000084,NATUR E 300IU (32),ETL5B,8.0,STRIP
N0000090,NUTRAFOR CHOL 60'S,ETL5A,5.0,BLISTER
N0000095,NEO KAOLAN SYR 120ML,ETL1,2.0,BTL
N0000103,NEBACETIN POWDER 5GR,RAK3,2.0,BTL
N0000110,NUFACORT CR,RAK3,7.0,TUBE
N0000111,NEOSANMAG FAST,ETL1,57.0,STRIP
N0000118,NALGESTAN TAB 4'S,ETL1,9.0,STRIP
N0000120,NYSTATIN DROP,RAK4,3.0,BTL
N0000121,NATUR E WHITE 16'S,ETL5B,8.0,STRIP
N0000122,NATUR E WHITE 32'S,ETL5B,4.0,BOX
N0000129,NEXITRA TAB 500MG,RAK1,7.0,STRIP
N0000133,NEOCENTA GEL 15GR,RAK3,10.0,TUBE
N0000134,NIVEA CARE&PROTECT SERUM 70ML,ETL5B,3.0,PCS
N0000136,NOVAGESIC TAB,ETL1,19.0,STRIP
N0000141,NEO VEDRIN DROPS 10ML,ETL3A,5.0,BTL
N0000142,NEOMETHOR TAB,ETL1,9.0,STRIP
N0000144,NEVOX XR 500MG,RAK1,29.0,STRIP
N0000146,NOCANDIS 12ML,RAK4,2.0,BTL
N0000147,"NUFADEX O,5MG TAB",RAK1,11.0,STRIP
N0000148,"NUFADEX 0,75MG TAB",RAK1,17.0,STRIP
N0000151,NEXZINE TAB,RAK1,17.0,STRIP
N0000152,NEOPLAST MEDIGUARD SCHET 10S,ETL3A,26.0,PCS
N0000154,NOVAMOX 500MG TAB,RAK1,8.0,STRIP
N0000155,NEO RHEUMACYL EXTRA HOT 108ML,ETL2,3.0,BTL
N0000156,NOVAXIFEN 400,RAK1,7.0,STRIP
N0000157,NUTRAFOR CHOL DS KAPSUL,ETL5A,7.0,BLISTER
N0000159,NIVEA DEO HIJAB FRESH 50ML,ETL5B,1.0,BOTOL
N000016,NOURISH ACNE PLAST BOY,ETL5B,2.0,COVER
N0000160,NURUTENZ HERBAL,ETL2,1.0,BTL
N0000161,NEO HORMOVITON CAIR,ETL1,12.0,SACHET
N0000162,NIPIS MADU 330ML,SC,16.0,BOTOL
N000017,NOURISH ACNE PLAST GIRL,ETL5B,3.0,COVER
N000020,NOVACYCLINE 250MG,RAK1,370.0,TAB
N000021,NOVAXICAM 20,RAK1,20.0,STRIP
N000022,NOVAKAL TAB,ETL1,8.0,STRIP
N00103,NUTRAFOR ACNE GEL,ETL2,2.0,TUBE
O0000001,OB HERBAL JUNIOR,ETL3A,6.0,BTL
O0000002,OB HERBAL SYR,ETL3A,9.0,BTL
O0000003,OBH COMBI PLUS 100 ML MENTHOL,ETL3A,14.0,BTL
O0000004,OBH COMBI PLUS 60 ML MENTHOL,ETL3A,10.0,BTL
O0000005,ORPHEN,ETL1,36.0,STRIP
O0000006,OBH COMBI PLUS ANAK JERUK,ETL3A,7.0,BTL
O0000007,OBH COMBI PLUS ANAK STRAW,ETL3A,7.0,BTL
O0000008,OB IBU&ANAK,ETL3A,2.0,BTL
O0000009,OBH COMBI DAHAK MENTHOL 100 ML,ETL3A,16.0,BTL
O0000010,OBH NELLCO 100 ML,ETL3A,3.0,BTL
O0000012,OBH NELLCO 55 ML,ETL3A,4.0,BTL
O0000013,OMEPRAZOLE 20MG,RAK2,28.0,STRIP
O0000015,ONDANSETRON 4MG,RAK2,11.0,STRIP
O0000016,ONDANSETRON 8MG,RAK2,6.0,STRIP
O0000017,ONE MED TEST PACK,ETL3B,46.0,PCS
O0000018,OSKADON,ETL1,36.0,STRIP
O0000019,OSKADON SP,ETL1,30.0,STRIP
O0000025,OPISTAN,RAK1,7.0,STRIP
O0000026,OXYCAN,ETL4,2.0,PCS
O0000027,OBH COMBI DAHAK JAHE,ETL3A,16.0,BTL
O0000029,OREZINC SYR,ETL1,2.0,BTL
O0000032,OB HERBAL SYR 100ML,ETL3A,3.0,BTL
O0000034,OKE PLAST,ETL3B,298.0,PCS
O0000035,OBP ITRASAL 100ML,ETL3A,7.0,BTL
O0000036,OBH MOLEX SYR,ETL3A,8.0,BTL
O0000039,OB IBU&ANAK (B),ETL3A,2.0,BTL
O0000040,OBH COMBI PLUS 100ML MADU,ETL3A,10.0,BTL
O0000042,OBH COMBI PLUS ANAK MADU,ETL3A,8.0,BTL
O0000044,OXYTETRACYCLIN CR,RAK3,38.0,TUBE
O0000046,OXOFERIN SOL 30,RAK4,2.0,FLS
O0000048,OB HERBAL JUNIOR 60ML,ETL3A,3.0,BOTOL
O0000049,OBH COMBI PLUS MADU 60ML,ETL3A,4.0,BOTOL
O0000050,OM3 HEART 30'S,ETL5A,1.0,BTL
O0000051,OSTEOKOM 30'S,ETL1,2.0,BLISTER
O0000053,OBH ITRASAL 100ML,ETL3A,3.0,BTL
O0000055,OBH JERUK NIPIS,ETL3A,3.0,BTL
O0000060,OKE PLAST AMPLOP,ETL3B,21.0,AMPLOP
O0000061,ORSADERM CR 5GR,RAK3,5.0,TUBE
O0000068,OCTENILIN GEL 10GR,ETL3B,1.0,TUBE
O0000073,ORALIT,ETL1,43.0,SCHET
O0000074,OBAT KURAP CAIR 19,ETL2,16.0,PCS
O0000076,OCUSON TAB,RAK1,14.0,STRIP
O0000077,OB COMBI ANTITUSIVE 60ML,ETL3A,10.0,BTL
O0000078,ORLISTAT 120MG,RAK2,37.0,TAB
O0000079,OTSUKA INFUSION NACL 500ML,RAK4,56.0,BTL
O0000080,OXYCAN SPORT 600CC,ETL4,2.0,KLG
O0000081,OB HERBAL HABBATUSAUDA 60ML,ETL3A,6.0,BTL
O0000082,OVUTEST KESUBURAN,ETL3B,3.0,PCS
O000013,OBH NELLCO ANAK PE 55ML,ETL3A,1.0,BTL
O000066,OMEPROS MINI BOX 30'S,ETL3A,5.0,STRIP
O000070,OXICOBAL KAP,RAK1,17.0,STRIP
O000076,OBHC HERBAL 60ML,ETL3A,4.0,BTL
P0000002,PANADOL,ETL1,15.0,STRIP
P0000003,PANADOL EXTRA,ETL1,6.0,STRIP
P0000004,PANADOL FB,ETL1,11.0,STRIP
P0000007,PARACETIN TAB,ETL1,14.0,STRIP
P0000009,PARAMEX,ETL1,27.0,STRIP
P0000010,PARATUSIN TAB,ETL1,38.0,STRIP
P00000101,POLIDENT CEANSER,ETL5B,2.0,PCS
P0000011,PARCOK AIR MANCUR (B),ETL2,6.0,BTL
P0000012,PEDITOX,ETL2,11.0,BTL
P0000013,PERBAN 10 CM,ETL3B,307.0,ROL
P00000135,PIM TRA COLD KIDS,ETL3A,6.0,BTL
P0000014,PERBAN 5 CM,ETL3B,134.0,ROL
P0000015,PERMEN TOLAK ANGIN,ETL2,17.0,PCS
P0000017,PHARMATON FORMULA,ETL1,9.0,STRIP
P0000018,PHAROLIT SITRAS,ETL1,57.0,SACH
P0000019,PIL KITA,ETL1,63.0,STRIP
P0000021,PIM TRA COLD LEMON,ETL3A,12.0,BTL
P0000023,PIROXICAM 20MG KAPSUL,RAK2,30.0,STRIP
P0000025,POLDANMIG,ETL1,23.0,STRIP
P0000026,POLYSILANE SYR,ETL1,6.0,BTL
P0000027,POLYSILANE TAB,ETL1,21.0,STRIP
P00000278,PROBABY LOTION 100ML,ETL5A,1.0,BTL
P0000028,PONSTAN 500MG,RAK1,57.0,TAB
P0000030,PRENAGEN ESENSIS CKLT 180G,ETL5A,1.0,BOX
P0000031,PRENAGEN ESENSIS VNLA 180G,ETL5A,1.0,BOX
P0000032,PRENAGEN LACTAMOM CKLT 200G,ETL5A,1.0,BOX
P0000033,PRENAGEN LACTAMOM VNLA 200G,ETL5A,1.0,BOX
P0000034,PRENAGEN MOMMY CKLT 200G,ETL5A,2.0,BOX
P0000036,PRENAGEN MOMMY EMESIS PLAIN 200G,ETL5A,2.0,BOX
P0000037,PRENAGEN MOMMY VNLA 200G,ETL5A,1.0,BOX
P0000041,PROCOLD,ETL1,31.0,STRIP
P0000043,PROMAG,ETL1,42.0,STRIP
P0000044,PRONICY 4MG,RAK1,70.0,TAB
P0000045,PRORIS,ETL3A,5.0,BTL
P0000046,PUYER 16 (ASP-16),ETL1,252.0,SACH
P0000047,PYREXIN SYR 60ML,ETL3A,7.0,BTL
P0000048,PERMEN ANTANGIN,ETL2,1537.0,PCS
P0000052,PRORIS FORTE,ETL3A,4.0,BTL
P0000053,KOTAK P3K,ETL3B,3.0,KTK
P0000058,PARATUSIN SYR,ETL3A,4.0,BTL
P0000059,PARACETAMOL SYR ERRITA,ETL3A,1.0,BTL
P0000061,PARFUM 10k,ETL1,50.0,BTL
P0000062,PARACETIN SYR,ETL3A,3.0,BTL
P0000066,PRAXION SYR,ETL3A,4.0,BTL
P0000067,POLIDENT 60GR,ETL2,6.0,TUBE
P0000068,POLAR BEAR (K),ETL2,3.0,BTL
P0000070,PARCOK AIR MANCUR (K),ETL2,3.0,BTL
P0000073,POT PLASTIK,LOKER,10.0,PCS
P0000074,PRAXION FORTE,RAK4,3.0,BTL
P0000081,PKS,RAK3,12.0,TUBE
P0000083,PEMBERSIH TELINGA,ETL5B,3.0,PCS
P0000085,PRENAGEN ESENSIS COKLAT 360G,ETL5A,1.0,DUS
P0000086,PLANTACID SUSP,ETL1,3.0,BTL
P0000087,PLANTACID FORTE SUSP,ETL1,2.0,BTL
P0000089,PROCOLD FLU & BATUK,ETL1,26.0,STRIP
P0000090,PROMAG SUSPENSI,ETL1,96.0,SACH
P0000091,PRAXION DROP,ETL3A,2.0,BTL
P0000093,PIROXICAM 10MG TABLET,RAK2,41.0,STRIP
P0000094,PIROXICAM 20MG TABLET,RAK2,39.0,STRIP
P0000099,PARAMEX FLU DAN BATUK,ETL1,6.0,STRIP
P00001,PD GLOVES NON STERIL,ETL5B,1074.0,PCS
P0000100,POLIDENT 15GR,ETL2,8.0,TUBE
P0000102,PYREXIN TAB,ETL1,11.0,STRIP
P0000103,PAGODA PASTILLES MINT 20GR,ETL2,4.0,POT
P0000105,PRENAGEN ESENSIS VANILLA 360GR,ETL5A,1.0,DUS
P0000106,PROLACTA DHA BABY,ETL5A,48.0,BUTIR
P0000108,POLYCROL GEL,ETL1,2.0,BTL
P0000111,PARASOL CR 20GR (WAJAH),ETL2,2.0,TUBE
P0000113,KOTAK P3K MOBIL,ETL3B,3.0,PCS
P0000115,PARFUM 5k,ETL1,36.0,BTL
P0000116,PURE BABY RASH CR 50,ETL2,1.0,PCS
P0000117,PURE KIDS INHALANT OIL 10ML,ETL2,2.0,BTL
P0000118,PROLACTA DHA MOTHER,ETL5A,30.0,KAPSUL
P0000119,POLYCROL FORTE TAB,ETL1,22.0,STRIP
P0000120,PACDIN BABY COUGH,ETL3A,5.0,BTL
P0000121,PRORIS TRIPLE ACTION,ETL1,24.0,STRIP
P0000122,PERBAN ELASTIS 15CM,ETL3B,5.0,PCS
P0000123,PERBAN ELASTIS 7.5CM,ETL3B,5.0,PCS
P0000124,XEPAMOL TAB,ETL1,8.0,STRIP
P0000127,PREGCY CHECK,ETL3B,3.0,BOX
P0000131,PROPEPSA 100ML,RAK4,2.0,BTL
P0000134,PIM TRA COLD CHERRY,ETL3A,12.0,BTL
P0000136,PISPOT COWOK + TUTUP,ETL5B,1.0,PCS
P0000137,PISPOT TANPA TUTUP,ETL5B,4.0,PCS
P0000143,PRONTO,RAK1,7.0,STRIP
P0000145,PONDEX FORTE TAB,RAK1,29.0,STRIP
P0000147,PLANTACID FORTE TAB,ETL1,10.0,STRIP
P0000149,PAGODA LIQUORICE 20GR,ETL2,13.0,POT
P0000150,TEENS PAGODA STRAW-VAN,ETL2,4.0,POT
P0000156,PAMPERS MAMY POKO,ETL5B,7.0,PACK
P0000160,PROSTAKUR KAP,ETL5A,6.0,STRIP
P0000162,PAGODA SALEP 10GR,ETL2,6.0,POT
P0000165,PARFUM AR-ROIHAN,ETL1,31.0,BTL
P0000166,PARFUM SPRAY AR-ROIHAN,ETL1,26.0,BTL
P0000168,PISPOT BAB,ETL5B,1.0,PCS
P0000171,PROTAGENTA,ETL2,2.0,STRIP
P0000175,PROPYLTHIOURACIL (PTU),RAK2,4.0,STRIP
P0000176,PROPANOLOL 10MG,RAK2,10.0,STRIP
P0000183,PERBAN METERAN,ETL3B,5.0,POTONG
P0000184,PRENAGEN MOMMY EMESIS CKLT 400GR,ETL5A,1.0,BOX
P0000186,PERBAN 15CM,ETL3B,114.0,ROLL
P0000189,PARAMEX NYERI OTOT,ETL1,28.0,STRIP
P0000190,PAGODA PASTILES 10 G,ETL2,4.0,PCS
P0000197,POLOFAR PLUS,RAK1,16.0,STRIP
P0000200,POLYDEX 5ML,RAK4,1.0,BTL
P0000205,PIMACOLIN BABY SYR,ETL3A,3.0,BTL
P0000208,PASABA SYR 60ML,ETL3A,2.0,BTL
P0000215,PACETIK 500MG,ETL1,35.0,STRIP
P0000216,PACETIK SYR,ETL3A,1.0,BTL
P0000218,PIL KITA CAIR,ETL1,29.0,SACHET
P0000221,PARAFLU TAB,ETL1,14.0,STRIP
P0000222,PURBASARI SABUN SIRIH NATURAL 60ML,ETL5B,2.0,BTL
P0000224,PURBASARI SS ROMANTIC 60ML,ETL5B,4.0,BTL
P0000233,PARFUM CAHAYA,ETL1,10.0,BTL
P0000234,PERBAN ELASTIS 10CM,ETL3B,3.0,PCS
P0000235,PLOSSA EUCALYPTUS,ETL2,10.0,PCS
P0000237,PAINKILA CR 15GR,ETL2,1.0,TUBE
P0000238,PERMETHRINE 15GR,RAK3,3.0,TUBE
P0000244,PAGODA PASTILES 35G,ETL2,1.0,PCS
P0000245,EXECUTIVE PARFUME,ETL1,10.0,BTL
P0000255,PROMAG SUSPENSI BTL 60ML,ETL1,5.0,BTL
P0000256,PLOSSA MINI HOT,ETL2,7.0,PCS
P0000257,PLOSSA MINI EUCALYPTUS,ETL2,4.0,PCS
P0000258,PURE BABY WARMING OIL 60ML,ETL2,1.0,PCS
P0000260,PIPET DROP,ETL3B,7.0,PCS
P0000261,PURE KIDS FEVER FREE,ETL5B,6.0,PCS
P0000272,PRIMA PROTECT HAND SANITIZER 5L,ETL3B,1.0,DRIGEN
P0000275,PROBABY BATH ANISE OIL 200ML,ETL5B,2.0,BTL
P0000277,PROBABY BATH BODY&HAIR 100ML,ETL5B,2.0,BTL
P0000289,PERMETHRIN 30G,RAK3,2.0,TUBE
P0000856,SALEP KEMBANG BULAN,ETL2,13.0,POT
P0000963,PARACETAMOL BOTOL,ETL1,10.0,BTL
P0000964,PARACETAMOL ERITA TAB,ETL1,17.0,STRIP
P0000966,PRIMOLUT N TAB 30S,RAK4,41.0,TAB
P0000970,PURE BABY H&M ORANGE OIL 10S,ETL5B,1.0,PCS
P0000972,PARAFLU SYR 60ML,ETL3A,9.0,BTL
P0000974,PROKIDS GUMMY JERUK,ETL2,1.0,SACHET
P0000976,PROKIDS GUMMY STRAW,ETL2,2.0,PCS
P0000977,PURE KIDS AISE BELLY 60ML,ETL2,1.0,BTL
P0000978,PURE KIDS AISE BELLY SACHET,ETL2,5.0,SACHET
P0000979,PRIMAQUINE 15MG,RAK2,16.0,STRIP
P000098,PASABA COUGH & FLU,ETL3A,3.0,BTL
P0000980,POTAFLAM TAB,RAK1,23.0,STRIP
P0000981,PROSIX 10MG,ETL1,6.0,STRIP
P0000982,PRIMADEX TAB,RAK1,3.0,STRIP
P0000983,PURE BB LOTION 80ML,ETL2,2.0,BOTOL
P0000984,PURE BB LIQUID SOAP 80ML,ETL5B,1.0,BOTOL
P0000987,PRIMADEX FORTE TAB,RAK1,10.0,STRIP
P0000988,POLYSILANE SUSP 180ML,ETL1,2.0,BTL
P0000989,PARAFEN TAB,ETL1,16.0,STRIP
P0000990,PROWASIR HERBAL,ETL2,1.0,BTL
P0000992,PEGAL LINU KOMPLIT,ETL2,23.0,PCS
P0000993,PD TULLE,KULKAS,16.0,PCS
P0000994,PANDA WATER BTL 400ML YOUNG YOUNG,ETL5B,1.0,PCS
P0000995,PLOSSA SACHET PANASIN 4ML,ETL2,33.0,SACHET
P0000996,PLOSSA MINI CITRUS  4ML,ETL2,1.0,BOTOL
P0000997,PIZOLON CREAM 5GR,RAK3,3.0,TUBE
P0000998,PURE KIDS ITCHY CREAM 15GR,ETL2,1.0,TUBE
P0000999,PURBASARI MINYAK ZAITUN 75ML,ETL2,2.0,BTL
P000159,PAMPERS SENSI DRY NB,ETL5A,2.0,PCS
P000160,PAMPERS SENSI GOPANTS L-4,ETL5A,1.0,PCS
P000161,PAMPERS SENSI DRY PANTS L10,ETL5A,1.0,PCS
P000162,PAMPERS SENSI DRY PANT S 10,ETL5A,2.0,PACK
P000246,PARFUM AZIS SPRAY,ETL1,8.0,BTL
P000247,PARFUM AZIS ROLL,ETL1,12.0,BTL
P000248,PARFUM ZF,ETL1,1.0,BTL
P000323,PRENAGEN LOVA STRAW 120G,ETL5A,1.0,BOX
P00098,PHENACOLD EXP 60ML,ETL3A,3.0,BTL
R0000001,RANITIDINE 150MG,RAK2,13.0,STRIP
R0000003,REDOXON EFF ORANGE,ETL3A,4.0,TUBE
R0000004,RENABETIC 5 MG,RAK1,200.0,TAB
R00000079,RHINOFED SYR 60ML,ETL3A,2.0,SYR
R000001,RAMAFLU TAB,ETL1,13.0,STRIP
R0000010,RHINOS SR 5X10'S,RAK1,36.0,KAP
R00000100,RELIABLE COTTON BUDS BABY 100'S,ETL5B,2.0,BTL
R00000102,RELIABLE COTTON BUDS DWS REFFIL  60'S,ETL5B,5.0,PCS
R0000013,RODECA TALK,ETL3B,2.0,BTL
R0000014,ROHTO,ETL2,8.0,BTL
R0000015,ROHTO COOL,ETL2,18.0,BTL
R0000054,RETICOR 0.05 CR,RAK3,1.0,TUBE
R0000055,RIVANOL SOL 100ML,ETL3B,13.0,BTL
R0000065,RIVANOL SOL 300ML,ETL3B,6.0,BTL
R0000068,REFAQUIN 15GR,RAK3,1.0,TUBE
R0000072,RESIK V MANJAKANI 90ML,ETL5B,1.0,BTL
R0000073,RENOVIT GOLD 30,ETL1,1.0,BTL
R0000078,RHINOFED TAB,RAK1,60.0,TAB
R0000080,ROHTO EYE  FLUSH,ETL2,2.0,BTL
R0000081,RESIK V MANJAKANI 50ML,ETL5B,2.0,BTL
R0000083,RENOVIT GOLD,ETL1,3.0,STRIP
R0000085,RESIK V MANJAKANI WHITENING 90ML,ETL5B,2.0,BTL
R0000087,RHINOS NEO DROP 10ML,ETL3A,9.0,BTL
R0000088,RHINOS JUNIOR SYR 60ML,ETL3A,5.0,BTL
R0000089,REMAFAR,RAK1,20.0,STRIP
R0000090,RANACID FORTE TAB,ETL1,10.0,STRIP
R0000091,RENAX KAP,ETL5A,29.0,KAPSUL
R0000094,ROVERTON SYR,RAK4,5.0,BTL
R0000095,ROVERTON TAB,RAK1,4.0,STRIP
R0000098,REXCOF PLUS,ETL3A,3.0,BTL
R0000100,RELIABLE BABY FINGER,ETL5B,2.0,PCS
R0000101,RELIABLE SILICONE GEPENG,ETL5B,2.0,PCS
R0000102,RELIABLE COTTON BUDS DWS REFFIL 100'S,ETL5B,12.0,PCS
R0000103,RELIABLE COTTON BUDS BABY REFIL 125'S,ETL5B,11.0,PCS
R0000111,RENOVIT 30'S,ETL1,1.0,BTL
R0000114,"RELIABLE COTTON BUDS BABY REFFIL 75""S",ETL5B,12.0,PCS
R0000115,REXAVIN 125MG,RAK1,9.0,STRIP
R0000116,REGULATOR OXYGEN,ETL4,1.0,PCS
R0000117,REDOXON VITAMIN C,ETL1,8.0,STRIP
R0000118,RECOVIT SYR,ETL4,1.0,BTL
R0000119,ROSUVASTATIN 10MG,RAK2,2.0,STRIP
R0000120,REFAQUIN 10G,RAK3,1.0,TUBE
R0000122,ROSUVASTATIN 20MG TAB,RAK2,1.0,STRIP
R0000124,REXAVIN 500MG TAB,RAK1,2.0,STRIP
R0000125,REDOXON KIDS VITAMIN C,ETL5B,2.0,BTL
R0000126,RELIABLE EMPENG FRUIT,ETL5B,3.0,PCS
R0000128,RAMABION KAPSUL,ETL1,10.0,STRIP
R0000129,RAMAGESIC,ETL1,10.0,STRIP
R0000130,RODECA LOTION 60ML,ETL3B,3.0,BTL
R0000131,RODECA POWDER 100GR,ETL3B,2.0,BTL
R0000143,ROHTO V EXTRA,ETL2,6.0,BOTOL
R00025,RELIABLE DOT 50ML,ETL5B,1.0,BTL
R00265,RELIABLE WATER TEETHER (B),ETL5B,3.0,PCS
S0000001,SAFE CARE,ETL2,21.0,BTL
S0000003,SAKATONIK ABC ANGGUR,ETL4,3.0,BTL
S0000004,SAKATONIK ABC JERUK,ETL4,4.0,BTL
S0000005,SAKATONIK ABC STRAW,ETL4,3.0,BTL
S0000006,SAKATONIK LIVER 100ML,ETL3A,4.0,BTL
S0000007,SAKATONIK LIVER 310ML,ETL3A,3.0,BTL
S0000008,SALBUTAMOL 2MG,RAK2,37.0,STRIP
S0000009,SALBUTAMOL 4MG,RAK2,32.0,STRIP
S000001,SAMTACID TAB,ETL1,17.0,STRIP
S0000012,SALEP 88,ETL2,21.0,POT
S0000013,SALEP ICHTYOL 15GR,ETL2,22.0,POT
S00000154,SELANG OKSIGEN+MASKER,ETL3B,1.0,PCS
S0000016,SALONPAS GEL 30GR,ETL2,1.0,TUBE
S0000017,SALONPAS GEL KECIL,ETL2,2.0,TUBE
S0000019,SALONPAS HOT,ETL2,9.0,PCS
S0000020,SALYCIL TALK (KF),ETL3B,11.0,POT
S0000022,SANAFLU,ETL1,26.0,STRIP
S0000023,SANGOBION (10),ETL1,13.0,STRIP
S00000233,SARI KURMA TJ 250GR,ETL2,3.0,BTL
S0000024,SANGOBION (4),ETL1,9.0,STRIP
S0000025,SANMOL DROP,ETL3A,8.0,BTL
S00000255,SILADEX FLU 60ML,ETL3A,6.0,BTL
S00000256,SUCRALFAT 100ML,RAK4,7.0,SYR
S0000026,SANMOL SYR,ETL3A,11.0,BTL
S00000262,PAMPERS SENSI DRY PANT M,ETL5B,1.0,PCS
S0000027,SANMOL TAB 500MG,ETL1,41.0,STRIP
S0000029,SARIDON,ETL1,22.0,STRIP
S0000030,SCABIMITE 10G,RAK3,4.0,TUBE
S0000031,SCABIMITE 30G,RAK3,2.0,TUBE
S0000032,SCOTT VITA 200 ML,ETL4,2.0,BTL
S0000033,SCOTT VITA 400 ML,ETL4,1.0,BTL
S0000035,SENSITIF TEST KEHAMILAN,ETL3B,4.0,PCS
S0000036,SILADEX ATT,ETL3A,1.0,BTL
S0000037,SILADEX CC 60ML (BIRU),ETL3A,3.0,BTL
S0000038,SILADEX ME 60 ML(HIJAU),ETL3A,7.0,BTL
S0000039,SIMVASTATIN 10MG,RAK2,32.0,STRIP
S0000040,SIMVASTATIN 20MG,RAK2,14.0,STRIP
S0000041,SPASMINAL,RAK1,60.0,TAB
S0000042,SRITI,ETL2,21.0,TUBE
S0000043,STIMUNO SYR 60 ML,ETL3A,2.0,BTL
S0000044,STOP COLD,ETL1,27.0,STRIP
S0000045,STOP X,ETL2,1.0,TUBE
S0000046,SUPER MAGIC,ETL3B,14.0,BOX
S0000047,SUPERTETRA,RAK1,27.0,STRIP
S0000048,SUTRA 3'S,ETL3B,14.0,AMPLOP
S0000049,SUTRA OK 3'S,ETL3B,10.0,AMPLOP
S0000054,STRIP GULA DARAH,MEJA,369.0,STRIP
S0000055,STRIP KOLESTEROL,MEJA,108.0,STRIP
S0000056,STRIP ASAM URAT,MEJA,220.0,STRIP
S0000058,SAKATONIK LIVER TAB,ETL1,9.0,STRIP
S0000060,SUPRAVIT BOTOL,ETL1,4.0,BTL
S0000061,SUPERHOID SUPP,KULKAS,15.0,SUPP
S0000062,SISMAX,ETL1,2.0,BTL
S0000065,SALEP 2-4,ETL2,28.0,POT
S0000066,SCABICID CR 10 GR,RAK3,1.0,TUBE
S0000069,SALONPAS KOYO IJO 5X2,ETL2,17.0,SACH
S0000070,SUTRA CO'12,ETL3B,11.0,DUS
S0000071,SENDOK TAKAR,LOKER,78.0,PCS
S0000074,SOFFEL SPRAY 80ML JERUK,ETL2,2.0,BTL
S0000075,SARI KURMA SAHARA,ETL2,5.0,BTL
S0000078,SANMAG SUSP,ETL1,1.0,BTL
S0000081,SUTRA OK'12,ETL3B,6.0,DUS
S0000087,STIMUNO FORTE CAPSUL,ETL1,1.0,DUS
S0000089,SIMVASTATIN 10MG DEXA,RAK2,9.0,BLISTER
S0000090,SENSI POPOK DEWASA (L),ETL5B,1.0,PACK
S0000095,SITRONELA 60ML,ETL2,3.0,BTL
S0000100,SUPER MAGIC CASANOVA,ETL3B,7.0,BOX
S0000102,SPUIT 3CC OM,LOKER,60.0,PCS
S0000103,SPUIT 5CC,LOKER,31.0,PCS
S0000107,SALICYL NELCO,ETL3B,5.0,BTL
S0000108,SPUIT 1CC TERUMO,LOKER,118.0,PCS
S0000116,SITRONELA 30ML,ETL2,5.0,BTL
S0000119,SAKATONIK ABC ANTARIKSA,ETL4,5.0,BTL
S0000121,SABUN PEPAYA,ETL5B,2.0,PCS
S0000124,SUTRA CO '24,ETL3B,7.0,PCS
S0000125,SERETIDE INHALER 50,RAK4,1.0,CAN
S0000126,STIMUNO ANGGUR 100ML,ETL3A,1.0,BTL
S0000128,SILADEX ME 30ML (HIJAU),ETL3A,3.0,BTL
S0000129,SILEX SYR100ML,ETL3A,3.0,BTL
S0000132,SARI KACANG IJO 250ML,SC,19.0,PCS
S0000146,SPIRONOLACTON 25MG,RAK2,14.0,STRIP
S0000147,SANBE TEARS 8ML,ETL2,1.0,BTL
S0000148,SYNALTEN CR,RAK3,6.0,TUBE
S0000149,SERETIDE INH 125,RAK4,1.0,CAN
S0000151,SPUIT 10CC,LOKER,71.0,PCS
S0000153,SELANG OKSIGEN,ETL4,1.0,PCS
S0000155,SARI KURMA AL JAZIRA,ETL2,6.0,BTL
S0000156,SALICYL CITO,ETL3B,7.0,BTL
S0000163,SILADEX CC 100 ML (BIRU),ETL3A,3.0,BTL
S0000165,SCOTT EMULTION ORI 200ML,ETL4,1.0,BTL
S0000172,SANBE KIDS EMULSION,ETL4,1.0,BOTOL
S0000173,SOLINFEC CR,ETL2,2.0,TUBE
S0000176,SALICYL DRAGON,ETL3B,11.0,BTL
S0000177,SENSODYNE FRESHMINT 100GR,ETL5B,1.0,TUBE
S0000180,SARI KACANG IJO 150ML,SC,22.0,KOTAK
S0000181,SELVIM,RAK1,9.0,STRIP
S0000182,SP TROCHES MELON,ETL5B,4.0,BOX
S0000183,SP TROCHES STRAWBERRY,ETL5B,7.0,BOX
S0000190,SARI KURMA MADU PLUS ANGKAK,ETL1,2.0,BTL
S0000193,SOLINFEC TAB,RAK1,8.0,STRIP
S0000194,SCANDERMA PLUS CR 10G,RAK3,1.0,TUBE
S0000196,SANMOL FORTE SYR 60ML,ETL3A,2.0,BTL
S0000206,SANADRYL SYR,ETL3A,6.0,BTL
S0000207,SAMQUINOR 500,RAK1,13.0,STRIP
S0000208,SAN-B PLEX DROPS,ETL3A,2.0,BTL
S0000211,SILDENAFIL CITRATE 50MG,RAK2,2.0,TAB
S0000212,STATURE METER,ETL3B,4.0,PCS
S0000215,SKIZON CR 10GR,RAK3,4.0,TUBE
S0000216,STREPSIL ORIGINAL (8),ETL2,12.0,SACHET
S0000218,SELSUN BLUE,ETL5B,5.0,BTL
S0000219,SELSUN DOUBLE IMPACT,ETL5B,5.0,BTL
S0000224,STREPSILS COOL 8'S,ETL2,9.0,SACH
S0000225,SILADEX DMP 30ML,ETL3A,2.0,BTL
S000023,SILADEX CC 30ML,ETL3A,12.0,BTL
S0000230,SABUN SIRIH MANJAKANI+WHITENING 125ML,ETL5B,7.0,BTL
S0000235,SILADEX ATT 30ML,ETL3A,10.0,BTL
S0000238,SUTRA GERIGI 3'S,ETL3B,49.0,PCS
S0000240,SUPERTIN TABLET,ETL1,16.0,AMPLOP
S0000241,SELSUN DOUBLE IMPACT 100ML,ETL5B,2.0,BTL
S0000242,SELSUN BLUE 120ML,ETL5B,3.0,BTL
S0000243,SUTRA GERIGI 12'S,ETL2,9.0,PCS
S0000244,SILADEX ATT 60ML,ETL3A,5.0,BTL
S0000246,SARIAMAN GEL,ETL2,5.0,TUBE
S0000252,SCOPMA PLUS,RAK1,10.0,STRIP
S0000259,SPASMAL 4'S TAB,RAK1,15.0,STRIP
S0000264,STERIONE SPRAY DESINFECTANT,ETL3B,1.0,BTL
S0000266,SD COTTON BUD ANAK BTL,ETL5B,2.0,BTL
S0000267,SD COTTON BUD ANAK REFIL,ETL5B,3.0,PACK
S0000789,SAFE CARE STRONG,ETL2,28.0,BTL
S0000790,SUTRA OK'24,ETL3B,11.0,DUS
S0000792,SARI KURMA TROMBOSIT BESAR,ETL1,1.0,BTL
S0000793,SARI KURMA TROMBOSIT KECIL,ETL1,5.0,BTL
S0000797,SAMCOFENAC 50MG TAB,RAK1,14.0,STRIP
S0000798,SD COTTON BUD DEWASA TABUNG,ETL5B,4.0,BTL
S0000799,SD COTTON BUD DEWASA REFILL,ETL5B,4.0,BTL
S000080,SARANG SEMUT SUPER,ETL1,5.0,BTL
S0000806,SILADEX COUGH HERBAL 60ML,ETL3A,3.0,BTL
S0000809,SANADRYL 120 CC,ETL3A,3.0,BTL
S0000810,SUCRALFATE SUSP 100ML COMBHIPAR,RAK4,5.0,BTL
S0000811,SANADRYL DMP SYR 60ML,ETL3A,10.0,BTL
S0000812,SANADRYL DMP 120ML SYR,ETL3A,4.0,BTL
S0000813,SANBE IVY SYR 60ML,ETL3A,1.0,BTL
S0000815,SOLPENOX 500MG,RAK1,20.0,STRIP
S0000816,SAMCOBION TAB,ETL1,10.0,STRIP
S0000818,SUTRA LUBRICANT 50ML,ETL3B,3.0,BTL
S0000820,SALONPAS EXTRA HOT,ETL2,20.0,SCHET
S0000821,SARI KURMA PRIMA ORIGINAL,ETL5A,3.0,BOTOL
S0000822,STANALIN SUSP 60ML,RAK4,3.0,BTL
S0000823,SALGEN SKIN OINT 15GR,RAK3,3.0,TUBE
S0000824,SILICONE BABY TEETHER YOUNG YOUNG,ETL5B,2.0,PCS
S0000828,STAVIT TAB,ETL1,22.0,STRIP
S0000829,SCOPMA TAB,RAK1,6.0,STRIP
S0000830,SISTENOL KAPLET,RAK4,5.0,BTL
S0000831,SAMOXIN 500MG KAPLET,RAK1,15.0,STRIP
S0000832,SELESMOL TAB,ETL1,9.0,STRIP
S0000833,SALONPAS PAIN RELIEF PATCH,ETL2,8.0,SACHET
S0000834,SAFECARE REFRESHING OIL 30ML,ETL2,8.0,BOTOL
S0000835,SUSU JAHE MERAH AMH SACHET,ETL2,21.0,SACHET
S0000836,SELVIM 20MG,RAK1,5.0,STRIP
S0000837,SALONPAS GEL PATCH 2'S,ETL2,2.0,PCS
S0000838,SALONPAS LARGE 4'S,ETL2,1.0,PCS
S0000839,SALONPAS JET SPRAY 60ML,ETL2,1.0,BOTOL
S0000840,SALONPAS OBAT KUMUR 0.15% 60ML,ETL2,2.0,BOTOL
S0000841,SUCRALFAT SUSP MEPRO,RAK4,3.0,BTL
S0000842,SOFFELL KOREAN SUMMER 60G,ETL5A,3.0,BTL
S0001,SEDARES,ETL1,5.0,STRIP
S000102,SOLDEXTAM,RAK1,20.0,STRIP
S000132,SCABIMITE LOTION,ETL2,2.0,BTL
S000158,HANDSCOND NON STERIL,ETL3B,105.0,PCS
S000168,I SLIM ALL VARIAN,ETL5A,4.0,BOX
S000195,SCAMETRIN 30GR,RAK3,1.0,TUBE
S000206,SUCRALFAT TAB 500MG,RAK2,8.0,STRIP
S000243,SELSUN GOLD 60ML,ETL5B,2.0,BTL
S00199,SGM ISOPRO SOY EKSPLOR HONEY 400GR,ETL3B,2.0,BOX
S00200,SGM ISOPRO SOY ANANDA 0-6 200GR,ETL3B,3.0,BOX
SAMCO,SAMCONAL TAB,ETL1,20.0,STRIP
T0000001,TAWON DD,ETL2,4.0,BTL
T0000002,TAWON EE,ETL2,2.0,BTL
T0000003,TAY PIN SAN,ETL1,35.0,SACH
T0000004,TEOSAL,RAK1,370.0,TAB
T0000005,TERMOREX 60 ML,ETL3A,10.0,BTL
T000001,TRIFAMOL,ETL1,11.0,STRIP
T0000010,THROMBO ASPILETS,RAK1,150.0,TAB
T0000011,THROMBPHOP GEL,ETL2,2.0,TUBE
T0000012,TILOMIX,RAK1,33.0,STRIP
T0000013,TOLAK ANGIN ANAK,ETL5B,29.0,SACH
T0000014,TOLAK ANGIN CAIR,ETL5B,145.0,SACH
T0000015,TONIKUM BAYER (B),ETL5B,4.0,BTL
T0000016,TONIKUM BAYER (K),ETL5B,4.0,BTL
T0000020,THROMBOGEL,ETL2,1.0,TUBE
T0000021,TROPICANA SLIM DIABETICS 25'S,ETL5A,3.0,BOX
T0000027,TEMPRA FORTE 60 ML,ETL3A,2.0,BTL
T0000028,TEMPRA SYR 60ML,ETL3A,3.0,BTL
T0000029,TEMPRA DROPS 15 ML,ETL3A,2.0,BTL
T0000031,TERMOREX PLUS 60 ML,ETL3A,6.0,BTL
T0000033,DIE DA YAO GIN,ETL3B,4.0,BTL
T0000036,TOBROSON MD,RAK4,1.0,STRIP
T0000043,TROPICANA SLIM DIABETIC 50'S,ETL5A,2.0,DUS
T0000052,TREMENZA SYR,ETL3A,5.0,BTL
T0000053,TROPICANA SLIM CLASSIC 50'S,ETL5A,2.0,BOX
T0000058,THROMBOPHOB OINT,ETL2,2.0,TUBE
T0000061,TOLAK ANGIN FLU CAIR,ETL5B,14.0,SACHET
T0000063,TEH KOTAK 200ML,SC,52.0,KOTAK
T0000064,TIMBANGAN DIGITAL,ETL5B,2.0,PCS
T0000067,TRANSFULMIN BABY 10GR,ETL2,1.0,TUBE
T0000071,TUZALOS,ETL1,1.0,STRIP
T0000077,TEH JATI CINA CELUP,ETL5B,3.0,PCS
T0000078,TJ JOYBEE,ETL2,4.0,BTL
T0000079,TOLAK LINU,ETL5B,55.0,SACHET
T0000083,MINYAK TAWON FF,ETL2,3.0,BTL
T0000086,TENSI ANAROID SERENITY,ETL5B,1.0,PCS
T0000087,TERMOREX PLUS 30ML,ETL3A,21.0,BTL
T0000089,TJ JOYBEE ORIGINAL,ETL2,2.0,BTL
T0000091,TERRA F KAPSUL,ETL1,17.0,STRIP
T0000092,THROMECON 20GR,ETL2,1.0,TUBE
T0000093,TERMOREX 30ML,ETL3A,2.0,BTL
T0000095,TRANSPULMIN BB 10G,ETL2,2.0,TUBE
T0000097,TEH PUCUK 350ML,SC,43.0,BTL
T0000100,TJ JOYBEE STROWBERY,ETL2,3.0,BTL
T0000101,THERMOMETER DIGITAL OMRON,ETL5B,5.0,PCS
T0000103,TRIAMCINOLONE 4MG TAB,RAK2,22.0,STRIP
T0000106,TOPICARE CLEANSER 90ML,ETL5B,1.0,PCS
T0000107,TEH JATI CINA REBUS PRIMA,ETL2,4.0,PCS
T000011,TJIE THUN HUN CAP 19,ETL1,200.0,PCS
T0000110,TAY PIN SAN TABLET,ETL1,46.0,STRIP
T0000111,TEMPRA FORTE SYR 30ML,ETL3A,1.0,BTL
T0000113,TOLAK ANGIN CAIR BEBAS GULA,ETL5B,19.0,SACHET
T0000114,MINYAK TELON LANG 15ML,ETL2,3.0,PCS
T0000115,TROPICANA SLIM CLASSIC 100S,ETL5A,1.0,BOX
T0000116,TROPICANA SLIM DIABETIC 100S,ETL5A,2.0,BOX
T0000117,TIMBANGAN BADAN GEA TIPIS,ETL5B,1.0,PCS
T0000119,TRIFASON 0.5MG,RAK1,9.0,STRIP
T0000120,TRAINING CUP 270ML YOUNG YOUNG,ETL5B,1.0,PCS
T000025,TRIMAKAL KAPLET,ETL1,7.0,STRIP
T000028,TONG KANG SHUANG,ETL2,5.0,TUBE
T0000418,TRIOCID TABLET,ETL1,8.0,STRIP
T0000419,TRIOCID 60ML,ETL1,2.0,BTL
T000080,TRIANTA,ETL1,9.0,STRIP
T000088,TROPICANA SLIM CLASIC 25'S,ETL5A,2.0,BOX
T000089,TAWON CC,ETL2,4.0,BTL
T000093,TERMOREX PATCH,ETL5B,8.0,SCHT
T000099,TRISELA 10MG,RAK1,10.0,STRIP
T000100,TRISELA SYR,RAK4,3.0,BTL
T000101,TRIPANCA,SC,151.0,PCS
T00089,MADU TJ JAHE MERAH 150gr,ETL2,6.0,BTL
T00090,TOLAK ANGIN KOMPLIT SUPER,ETL1,29.0,PCS
U0000002,ULTRACILLINE,ETL2,7.0,TUBE
U0000003,ULTRACYN BABY KECIL,ETL3B,7.0,BTL
U0000005,ULTRAFLU,ETL1,39.0,STRIP
U0000009,ULTRAFIX 10X5,ETL3B,5.0,ROL
U0000010,ULTRAFIX 10X1,ETL3B,20.0,PCS
U0000011,ULTRACAP,ETL1,15.0,STRIP
U0000012,UNDERPAD SENSI,ETL5B,10.0,PCS
U0000013,ULTRA COKLAT 125,SC,41.0,KOTAK
U0000015,ULTRA STROWBERY 125,SC,34.0,KOTAK
U0000018,ULTRAMILK COKLAT 250,SC,55.0,PCS
U0000019,ULTRA MIMI COKLAT 125,SC,17.0,PCS
U0000023,ULTRAFIX 5 X 5,ETL3B,5.0,ROLL
U0000025,ULTRACYN DWS,ETL3B,3.0,BTL
U0000029,ULTRADERMA 5GR,ETL2,2.0,TUBE
U0000032,UPASI,ETL5A,11.0,BTL
U0000033,ULTRAFIX 5X1,ETL3B,6.0,PCS
U000021,ULSAFATE SUSP 100ML,RAK4,1.0,BTL
V0000001,VEGETA HERBAL,ETL4,19.0,SACH
V0000002,VEGETA JERUK,ETL4,36.0,SACH
V00000026,VITALONG C + ZINC,ETL1,9.0,STRIP
V00000029,VOLTAREN 50MG,RAK1,36.0,TAB
V0000005,VERILE ACNE  GEL,ETL2,2.0,TUBE
V00000100,VIDORAN SMART IMUNUP ANGGUR SYR 60ML,ETL4,4.0,BTL
V0000011,VICEE STRAW,ETL5B,247.0,STRIP
V0000012,VICKS F44 ANAK 27 ML,ETL3A,10.0,BTL
V0000013,VICKS F44 ANAK 54 ML,ETL3A,6.0,BTL
V00000145,VITAMIN B12,ETL1,10.0,STRIP
V0000015,VICKS F44 DWS 100 ML,ETL3A,5.0,BTL
V0000016,VICKS F44 DWS 27 ML,ETL3A,6.0,BTL
V0000017,VICKS INHALER,ETL2,10.0,POT
V0000018,VICKS VAPORUB 25G,ETL2,5.0,PCS
V0000020,VIOSTIN DS,ETL1,15.0,STRIP
V0000023,VITACIMIN,ETL5B,223.0,STRIP
V0000024,VITALONG C (30),ETL1,2.0,BTL
V0000025,VITALONG C (4),ETL1,24.0,STRIP
V0000026,VITAQUIN CR 15G,RAK3,3.0,TUBE
V0000027,VOLTADEX50MG,RAK1,890.0,TAB
V0000030,VOLTAREN GEL 10GR,ETL2,1.0,TUBE
V0000031,VOLTAREN GEL 5GR,ETL2,2.0,TUBE
V0000034,VALDRES 25MG,RAK1,22.0,TAB
V0000036,VEGEBLEND JR 30',ETL5A,1.0,BTL
V0000037,VICKS VAPORUB 10,ETL2,10.0,POT
V0000038,VITAL TT,ETL2,6.0,FLS
V0000040,VIRJINT SYR,ETL2,6.0,BTL
V0000041,VICKS F44 DWS 54ML,ETL3A,6.0,BTL
V0000044,VENARON,ETL1,10.0,STRIP
V0000045,VENTOLIN NEBULES,RAK4,25.0,VIAL
V0000046,VIDORAN SMART 100ML,ETL3A,2.0,BTL
V0000050,VENTOLIN INHALER,RAK4,3.0,PCS
V0000051,V FRESH ORIGINAL,ETL2,4.0,BTL
V0000052,V FRESH HOT 8ML,ETL2,6.0,BTL
V0000066,"VITACID 0,1%",RAK3,2.0,TUBE
V0000078,VITACID 0.05%,RAK3,2.0,TUBE
V0000079,VITACID 0.025%,RAK3,2.0,TUBE
V0000081,VERILE BLEMISH CREAM,ETL2,2.0,TUBE
V0000084,VITAMIN B COMPLEX,ETL1,24.0,STRIP
V0000090,VITABUMIN,ETL3A,2.0,FLS
V0000092,VOLTADEX GEL 20GR,ETL2,3.0,TUBE
V0000093,VOSEA SYR 30ML,RAK4,4.0,BTL
V0000095,VIDORAN SMART ORANGE TABLET,ETL4,3.0,BTL
V0000096,VIDORAN SMART STROW TABLET,ETL4,1.0,BTL
V0000100,VITAMIN B6,ETL1,12.0,STRIP
V0000101,VITAMIN B1 50 mg,ETL1,42.0,STRIP
V0000106,VENARON HD,ETL1,3.0,STRIP
V0000110,VITAMIN C 250MG,ETL1,27.0,STRIP
V0000114,VASELINE SWAB,KULKAS,20.0,PCS
V0000115,VESPERUM SYR 60ML,RAK4,4.0,BTL
V0000119,VICKS FORMULA JAHE MADU 56ML,ETL3A,10.0,BTL
V0000120,VADROL TAB 4MG,RAK1,18.0,STRIP
V0000121,VITAGROW 60ML,ETL4,1.0,BTL
V0000122,VIBRAMOX 500MG,RAK1,1.0,STRIP
V0000123,VESPERUM DROP,RAK4,1.0,BTL
V0000124,VEGETA HERBAL HANGER 12S,ETL4,21.0,SCHET
V0000125,VITOMATA,ETL2,1.0,BOTOL
V0000126,VOREN GEL 20GR,ETL2,1.0,TUBE
V0000127,VIDORAN SMART IMUNUP ANGGUR TAB 25S,ETL4,3.0,BTL
V0000129,VISELA TAB,ETL1,10.0,STRIP
V0000130,VADROL TAB 8MG,RAK1,7.0,STRIP
V0000131,VICKS FORMULA JAHE MADU 105ML,ETL3A,3.0,BTL
V0000132,VITABUMIN SYR 60ML,ETL4,3.0,BTL
V000023,VICKS INHALER TWIN,ETL2,3.0,PCS
V000025,VESPERUM TAB,RAK1,14.0,STRIP
V000070,FRESHCARE MIX CITRUS,ETL2,6.0,PCS
V000085,VOSEA,RAK1,8.0,STRIP
V000089,VIT-C1000 SIDOMUNCUL,ETL5B,11.0,SACH
V000092,VERCING 12'S,ETL2,22.0,BTL
W0000001,WAISAN,ETL1,1032.0,SACH
W0000002,WOODS ANTITUSIF 100ML,ETL3A,7.0,BTL
W0000003,WOODS ANTITUSIF 60ML,ETL3A,5.0,BTL
W0000004,WOODS EXP 100ML,ETL3A,3.0,BTL
W0000005,WOODS EXP 60ML,ETL3A,9.0,BTL
W0000006,WOODS HERBAL 60ML,ETL3A,8.0,BTL
W0000009,WWZ,ETL5B,3.0,PCS
W0000018,WOODS PERMEN ORGINAL,ETL2,8.0,PCS
W0000020,WIROS 20MG,RAK1,26.0,STRIP
W0000022,WOODS PERMEN ORANGE,ETL2,14.0,PCS
W0000027,WELMOVE,ETL1,7.0,STRIP
W0000028,WARDAH SPF 50,ETL2,1.0,PCS
W0000029,WINATIN,RAK1,11.0,STRIP
W0000030,WYBERT HERBAL SYR 60ML,ETL3A,9.0,BTL
W0000031,WOODS PERMEN LEMON,ETL2,1.0,PCS
W0000032,MADU WELLERYROYAL JELLY 650ML,ETL1,10.0,BTL
W0000034,WYBERT HERBAL BTK ANAK 60ML,ETL3A,3.0,BTL
W0000036,WWZ COVER ONEMED,ETL5B,1.0,PCS
W000005,WEDANG SS POUCH,ETL1,1.0,PCS
X0000001,XENICAL,RAK1,28.0,TAB
X0000002,XON-CE,ETL5B,135.0,STRIP
X0000007,XILERGY 10MG TAB,ETL1,9.0,STRIP
Y0000007,YOU C 1000 LEMON (BELING),SC,4.0,BTL
Y000001,YUSIMOX SYR,RAK4,5.0,BTL
Y000003,YUSIMOX FORTE SYR,RAK4,2.0,BTL
Y000004,YAKULT,SC,76.0,BTL
Y000006,YUSIMOX TAB,RAK1,8.0,STRIP
Y000009,Y-RINS NEW,ETL2,2.0,BTL
Y000011,YOU C1000 MANGO 140ML (BELING),SC,4.0,BTL
Y000012,YEFAMOX TABLET,RAK1,7.0,STRIP
Y00005,YAKUL LESSUGAR,SC,34.0,BTL
Y0009,YOU C-1000 WATER,SC,21.0,BTL
Z00000010,MINYAK ZAITUN ASSALAAMAH,ETL2,2.0,BTL
Z00000013,HOLIZINK SYR 60ML,ETL1,3.0,BTL
Z0000002,ZORALIN,RAK1,210.0,TAB
Z0000007,ZINK DISPERSIBEL TAB,ETL1,10.0,STRIP
Z0000009,ZEE STRAWBERRY 200ML,SC,6.0,KTK
Z000001,ZESTMAAG,ETL2,1.0,BTL
Z0000011,ZHENG GU SHUI 60ML,ETL2,1.0,PCS
Z0000012,ZINK DISPERSIBEL SYR,ETL1,5.0,BTL
Z0000013,ZEGAVIT,ETL1,6.0,STRIP
Z0000014,ZELONA TAB,RAK1,16.0,STRIP
Z000006,ZAMBUK,ETL2,2.0,PCS
Z000007,ZORALIN CR,RAK3,5.0,TUBE
Z0000083,HERBORIST MINYAK ZAITUN 150ML,ETL1,3.0,BTL
Z000009,ZEVASK,RAK1,7.0,STRIP
Z00007,ZAMBUK 8GR,ETL2,1.0,PCS
